college_educated,homeowner,gender,age,income,true_conversion,predicted_conversion,predicted_probability
1,1,F,55-64,<100K,0,0,0.002119553
1,1,F,55-64,>100K,0,0,0.001710017
1,1,F,55-64,<100K,0,0,0.008420312
1,1,F,55-64,>100K,0,0,0.004487964
1,1,F,55-64,<100K,0,0,0.001873955
1,0,F,55-64,>100K,0,0,0.002874473
1,1,F,55-64,<100K,0,0,0.041594755
1,0,F,55-64,>100K,0,0,0.001184124
0,1,F,55-64,<100K,0,0,0.003318457
1,0,F,55-64,<100K,0,0,0.004917807
1,1,F,55-64,<100K,0,0,0.001962135
1,1,F,55-64,<100K,0,0,0.012810283
1,1,F,55-64,<100K,0,0,0.002882936
1,0,F,55-64,>100K,0,0,0.002300766
1,0,F,55-64,>100K,0,0,0.001838291
1,1,F,55-64,>100K,0,0,0.00094827
1,1,M,55-64,>100K,0,0,0.001291813
1,0,M,55-64,<100K,0,0,0.006006148
1,1,F,55-64,<100K,0,0,0.052366048
1,1,F,55-64,>100K,0,0,0.006540742
1,1,F,55-64,<100K,0,0,0.001313448
1,1,F,55-64,<100K,0,0,0.00157392
1,0,M,55-64,>100K,0,0,0.004106085
1,1,F,Unknown,>100K,0,0,0.002350764
0,1,F,55-64,<100K,0,0,0.005290446
1,0,F,25-34,<100K,0,0,0.002851625
1,1,M,Unknown,>100K,0,0,0.009254388
1,0,F,55-64,>100K,0,0,0.080226626
1,1,M,55-64,<100K,0,0,0.003222444
0,1,M,55-64,>100K,0,0,0.002037286
1,1,M,55-64,>100K,0,0,0.002892884
1,1,M,45-54,>100K,0,0,0.000949122
1,1,F,55-64,>100K,0,0,0.007093764
1,1,F,55-64,>100K,0,0,0.00518284
1,1,F,55-64,<100K,0,0,0.009755692
1,0,F,55-64,<100K,0,0,0.001409272
1,1,M,Unknown,>100K,0,0,0.00084539
1,1,M,55-64,>100K,0,0,0.001210458
1,1,F,55-64,>100K,0,0,0.005856055
1,0,F,Unknown,<100K,0,0,0.00224401
1,1,F,55-64,>100K,0,0,0.003729246
1,1,F,55-64,>100K,0,0,0.001745695
1,1,F,55-64,>100K,0,0,0.035425818
1,1,M,55-64,>100K,0,0,0.004906793
1,1,M,55-64,<100K,0,0,0.002104306
1,1,F,55-64,>100K,0,0,0.002764551
1,1,F,25-34,>100K,0,0,0.0029025
1,1,M,Unknown,>100K,0,0,0.002573661
1,0,F,55-64,<100K,0,0,0.00388046
1,0,F,55-64,>100K,0,0,0.011612031
1,1,M,55-64,<100K,0,0,0.001583295
1,1,F,55-64,>100K,0,0,0.003392011
1,1,F,55-64,>100K,0,0,0.006028025
1,1,M,55-64,>100K,0,0,0.01655927
1,1,F,55-64,>100K,0,0,0.001452131
1,1,F,Unknown,>100K,0,0,0.005087713
1,1,M,55-64,<100K,0,0,0.00191635
1,1,F,55-64,>100K,0,0,0.00148902
1,1,M,55-64,>100K,0,0,0.002237761
1,1,F,55-64,>100K,0,0,0.001384064
1,1,M,55-64,<100K,0,0,0.086119244
1,1,M,55-64,>100K,0,0,0.001532751
1,1,F,55-64,>100K,0,0,0.080383317
1,1,F,55-64,<100K,0,0,0.001560432
1,1,F,55-64,<100K,0,0,0.002517282
1,0,F,55-64,<100K,0,0,0.009285543
1,1,F,55-64,<100K,0,0,0.003508756
1,0,F,55-64,>100K,0,0,0.000444692
1,1,F,55-64,<100K,0,0,0.001732597
1,1,M,55-64,>100K,0,0,0.001124942
1,1,M,55-64,<100K,0,0,0.000354667
1,1,F,55-64,>100K,0,0,0.002603414
1,1,F,55-64,>100K,0,0,0.002293524
1,1,M,55-64,<100K,0,0,0.169330741
1,1,F,55-64,>100K,0,0,0.004856195
1,0,F,55-64,>100K,0,0,0.003022443
1,1,F,55-64,>100K,0,0,0.025724332
1,1,F,55-64,>100K,0,0,0.000360872
1,1,F,Unknown,>100K,0,0,0.001998799
1,1,F,55-64,>100K,0,0,0.001460745
1,1,F,55-64,>100K,0,0,0.001275441
1,0,F,45-54,>100K,0,0,0.001816006
1,0,F,55-64,>100K,0,0,0.013329044
1,1,F,55-64,>100K,0,0,0.010762232
1,1,M,55-64,>100K,0,0,0.002890864
1,1,M,55-64,>100K,0,0,0.00117152
1,0,F,55-64,>100K,0,0,0.00278398
1,1,F,55-64,>100K,0,0,0.003735518
1,1,F,55-64,<100K,0,0,0.00581768
1,0,M,55-64,<100K,0,0,0.002744643
1,0,F,55-64,>100K,0,0,0.002484697
1,0,F,55-64,<100K,0,0,0.00268626
1,1,M,55-64,>100K,0,0,0.001012019
1,1,F,55-64,<100K,0,0,0.003089735
1,1,F,55-64,>100K,0,0,0.002553925
1,1,M,55-64,>100K,0,0,0.07449062
1,0,F,55-64,>100K,0,0,0.011992647
1,1,F,55-64,>100K,0,0,0.001682126
1,1,M,55-64,>100K,0,0,0.001376443
1,1,F,55-64,>100K,0,0,0.119810947
1,1,M,55-64,>100K,0,0,0.029876707
1,1,F,55-64,<100K,0,0,0.001749213
1,0,F,55-64,<100K,0,0,9.83E-05
1,1,F,55-64,<100K,0,0,0.051904102
1,1,F,55-64,>100K,0,0,0.001495854
1,1,M,55-64,<100K,0,0,0.000676096
1,1,M,55-64,<100K,0,0,0.001493664
1,1,F,25-34,>100K,0,0,0.000834031
1,1,F,55-64,>100K,0,0,0.003794089
1,1,M,55-64,>100K,0,0,0.046276363
1,0,F,55-64,>100K,0,0,0.002859667
1,0,M,55-64,<100K,0,0,0.023991491
1,1,F,55-64,>100K,0,0,0.000711231
1,1,F,55-64,<100K,0,0,0.001497994
1,1,F,55-64,<100K,0,0,0.00027305
1,1,M,55-64,<100K,0,0,0.002566688
1,1,F,55-64,>100K,0,0,0.002039168
1,1,M,55-64,>100K,0,0,0.001937905
0,1,F,55-64,>100K,0,0,0.001125538
1,0,F,55-64,>100K,0,0,0.002688866
1,1,M,55-64,>100K,0,0,0.004797174
1,1,M,55-64,<100K,0,0,0.029643358
1,1,F,55-64,>100K,0,0,0.002836715
1,0,F,55-64,<100K,0,0,0.003487434
1,1,F,55-64,>100K,0,0,0.000194753
1,0,F,55-64,<100K,0,0,0.0014355
1,1,M,55-64,<100K,0,0,0.000995051
1,1,F,55-64,<100K,0,0,0.000805598
1,1,M,55-64,>100K,0,0,0.005002362
1,1,F,Unknown,>100K,0,0,0.004913385
1,1,F,55-64,>100K,0,0,0.023402485
1,1,F,55-64,<100K,0,0,0.00285617
1,1,M,55-64,<100K,0,0,0.000292488
1,1,M,55-64,>100K,0,0,0.004393849
1,1,F,55-64,<100K,0,0,0.001279926
1,1,F,55-64,>100K,0,0,0.000577941
1,1,M,55-64,>100K,0,0,0.001017584
1,1,F,55-64,<100K,0,0,0.000278997
1,1,F,55-64,<100K,0,0,0.002171724
1,1,F,55-64,<100K,0,0,0.009297378
1,0,F,25-34,>100K,0,0,0.001686357
1,1,F,55-64,>100K,0,0,0.002715182
1,1,F,55-64,<100K,0,0,0.001924499
1,1,F,55-64,<100K,0,0,0.002371187
1,0,M,55-64,<100K,0,0,0.001793461
1,1,M,55-64,<100K,0,0,0.00171581
1,0,F,55-64,<100K,0,0,0.083290615
0,1,M,55-64,<100K,0,0,0.000869398
1,1,M,55-64,<100K,0,0,0.001370142
0,0,F,55-64,<100K,0,0,0.004054341
1,1,F,55-64,>100K,0,0,0.008095349
1,1,F,55-64,<100K,0,0,0.003158652
1,0,F,55-64,<100K,0,0,0.015291837
1,1,M,55-64,<100K,0,0,0.00223062
1,1,F,Unknown,>100K,0,0,0.054235785
1,0,M,55-64,<100K,0,0,0.001742751
1,1,F,55-64,<100K,0,0,0.001246167
1,1,M,55-64,>100K,0,0,0.00162732
0,1,F,55-64,>100K,0,0,0.002823009
1,1,F,55-64,>100K,0,0,0.000444383
1,1,F,55-64,<100K,0,0,0.001191993
1,1,F,55-64,<100K,0,0,0.002256853
1,1,M,55-64,>100K,0,0,0.003082758
1,1,M,55-64,>100K,0,0,0.001689635
1,1,M,55-64,<100K,0,0,0.000532202
1,0,M,18-24,>100K,0,0,0.00413005
1,1,F,55-64,<100K,0,0,0.004212099
1,1,F,55-64,>100K,0,0,0.000862569
1,1,M,55-64,<100K,0,0,0.004187117
1,1,F,55-64,>100K,0,0,0.000500704
1,0,M,55-64,<100K,0,0,0.00035754
1,1,F,55-64,<100K,0,0,0.00378624
0,1,M,55-64,>100K,0,0,0.010953256
1,1,M,55-64,>100K,0,0,0.032711278
1,1,F,55-64,<100K,0,0,0.000556891
1,1,F,55-64,>100K,0,0,0.005621628
1,1,M,55-64,<100K,0,0,0.009210666
1,1,F,55-64,<100K,0,0,0.010697847
1,1,F,55-64,>100K,0,0,0.002499293
1,0,F,55-64,<100K,0,0,0.002113245
1,0,F,55-64,>100K,0,0,0.004584992
1,1,F,55-64,<100K,0,0,0.003292848
1,1,F,55-64,<100K,0,0,0.008115833
1,0,F,55-64,<100K,0,0,0.002011088
1,1,F,55-64,>100K,0,0,0.018174904
1,1,F,55-64,>100K,0,0,0.000333359
1,1,F,55-64,<100K,0,0,0.000598315
1,1,F,55-64,<100K,0,0,0.002056325
1,1,F,55-64,<100K,0,0,0.002254596
1,1,F,55-64,>100K,0,0,0.000854237
1,1,F,55-64,>100K,0,0,0.003355669
0,1,F,55-64,<100K,0,0,0.005182677
1,1,M,55-64,>100K,0,0,0.00243655
1,1,F,55-64,<100K,0,0,0.174783863
1,1,F,55-64,<100K,0,0,0.002071483
1,1,F,55-64,<100K,0,0,0.001712675
1,1,M,55-64,>100K,0,0,0.001880987
1,1,F,55-64,>100K,0,0,0.002782763
1,1,M,55-64,<100K,0,0,0.001696568
0,1,M,55-64,<100K,0,0,0.003325501
1,1,F,55-64,>100K,0,0,0.004175746
1,1,M,55-64,<100K,0,0,0.000853711
1,1,M,55-64,>100K,0,0,0.000505337
1,1,M,55-64,>100K,0,0,0.001059754
1,1,F,55-64,<100K,0,0,0.001355661
1,1,M,55-64,>100K,0,0,0.003171023
1,1,M,55-64,<100K,0,0,0.004495138
1,1,F,55-64,<100K,0,0,0.001632912
1,1,M,55-64,<100K,0,0,0.000723427
1,1,M,55-64,>100K,0,0,0.002207242
1,1,F,55-64,<100K,0,0,0.001856942
1,1,F,55-64,<100K,0,0,0.001872069
1,1,F,55-64,>100K,0,0,0.004136341
1,1,F,55-64,<100K,0,0,0.003973096
1,1,F,55-64,>100K,0,0,0.003007682
1,1,F,55-64,<100K,0,0,0.000420809
1,1,F,55-64,>100K,0,0,0.001777446
1,1,F,55-64,<100K,0,0,0.096825416
1,1,F,55-64,<100K,0,0,0.115062454
1,1,M,55-64,<100K,0,0,0.002030387
1,1,F,55-64,<100K,0,0,0.00037098
1,1,M,55-64,>100K,0,0,0.001574494
1,1,F,55-64,>100K,0,0,0.001595635
1,0,F,55-64,<100K,0,0,0.00105195
1,1,F,55-64,<100K,0,0,0.071047974
1,1,F,55-64,<100K,0,0,0.003369203
1,1,M,55-64,<100K,0,0,0.002139277
1,0,F,55-64,>100K,0,0,0.002740482
1,0,F,55-64,>100K,0,1,0.42118631
1,1,F,55-64,<100K,0,0,0.048135393
1,1,M,55-64,<100K,0,0,0.003485716
1,1,M,55-64,<100K,0,0,0.001541858
0,1,F,55-64,>100K,0,0,0.001807528
1,1,M,55-64,<100K,0,0,0.010045148
1,1,F,55-64,<100K,0,0,0.007762607
1,1,F,55-64,>100K,0,0,0.000921269
0,1,F,55-64,>100K,0,0,0.02631321
1,1,F,55-64,<100K,0,0,0.047524939
1,1,F,55-64,>100K,0,0,0.002542282
1,1,F,25-34,<100K,0,0,0.007323142
1,0,F,55-64,<100K,0,0,0.002923454
1,0,F,55-64,<100K,0,0,0.001315517
1,0,F,55-64,>100K,0,0,0.005184784
1,1,F,55-64,>100K,0,0,0.000275607
1,1,F,55-64,<100K,0,0,0.000447262
1,1,F,55-64,<100K,0,0,0.001082485
1,1,F,55-64,<100K,0,0,0.018829607
1,1,F,55-64,<100K,0,0,0.000522872
1,1,F,55-64,<100K,0,0,0.055175734
1,1,F,55-64,<100K,0,0,0.001673681
1,1,F,55-64,<100K,0,0,0.00040704
1,1,F,55-64,<100K,0,0,0.00251216
1,1,M,55-64,>100K,0,0,0.009492462
1,1,F,55-64,>100K,0,0,0.001640032
1,1,F,55-64,>100K,0,0,0.000439183
0,1,M,55-64,<100K,0,0,0.005033374
1,1,F,55-64,>100K,0,0,0.00058111
1,1,F,55-64,<100K,0,0,0.043073397
1,1,F,55-64,<100K,0,0,0.002466999
1,1,F,55-64,<100K,0,0,0.000570956
1,1,M,55-64,<100K,0,0,0.112160571
1,1,M,55-64,<100K,0,0,0.118033511
1,1,F,55-64,<100K,0,0,0.002529838
1,1,M,55-64,<100K,0,0,0.000486464
1,1,F,55-64,<100K,0,0,0.008388617
1,1,M,55-64,<100K,0,0,0.001220614
1,1,F,25-34,<100K,0,0,0.001131177
0,1,F,55-64,>100K,0,0,0.009100738
1,1,F,55-64,>100K,0,0,0.001620909
1,1,F,55-64,<100K,0,0,0.001716628
1,0,F,55-64,>100K,0,0,0.005710213
1,1,M,55-64,<100K,0,0,0.002064538
1,1,M,55-64,<100K,0,0,0.001093834
0,1,M,55-64,>100K,0,0,0.002201225
1,1,M,25-34,>100K,0,0,0.032001553
1,1,F,55-64,<100K,0,0,0.002982063
1,1,M,55-64,<100K,0,0,0.001722932
1,1,F,55-64,>100K,0,0,0.00051944
1,1,F,55-64,>100K,0,0,0.001527427
1,1,F,55-64,>100K,0,0,0.005999003
1,1,F,55-64,<100K,0,0,0.000351656
1,1,F,45-54,>100K,0,0,0.000733856
1,1,M,55-64,<100K,0,0,0.000448658
1,1,F,55-64,>100K,0,0,0.045963934
1,0,F,Unknown,>100K,0,0,0.000543366
0,1,M,55-64,>100K,0,0,0.000910048
1,1,F,55-64,<100K,0,0,0.000788186
1,1,F,55-64,<100K,0,0,0.00147045
1,1,F,55-64,<100K,0,0,0.006595995
1,1,M,55-64,<100K,0,0,0.020431243
1,1,F,55-64,>100K,0,0,0.016631479
1,1,F,55-64,<100K,0,0,0.001255792
1,1,F,55-64,>100K,0,0,0.002098482
1,1,M,55-64,<100K,0,0,0.009310468
1,1,F,55-64,<100K,0,0,0.001317717
1,1,F,55-64,<100K,0,0,0.001525549
1,1,M,55-64,<100K,0,0,0.031125622
0,0,F,55-64,<100K,0,0,0.316124626
1,1,M,55-64,>100K,0,0,0.00620285
1,1,F,55-64,>100K,0,0,0.002433659
1,1,M,55-64,>100K,0,0,0.000178002
1,1,F,55-64,<100K,0,0,0.002490397
1,1,M,55-64,>100K,0,0,0.008834333
1,1,F,55-64,>100K,0,0,0.04147549
1,1,M,55-64,>100K,0,0,0.003513646
1,0,M,55-64,>100K,0,0,0.002245118
1,1,F,Unknown,>100K,0,0,0.001157305
1,1,M,55-64,>100K,0,0,0.003425373
0,1,M,45-54,>100K,0,0,0.003421038
1,1,F,55-64,<100K,0,0,0.001722011
1,1,F,55-64,>100K,0,0,0.004739184
1,1,F,55-64,<100K,0,0,0.001499417
1,1,F,55-64,>100K,0,0,0.002885361
1,0,F,55-64,<100K,0,0,0.000628678
1,1,M,55-64,>100K,0,0,0.002321312
1,1,M,55-64,<100K,0,0,0.001705374
1,1,M,55-64,<100K,0,0,0.030015069
1,1,F,55-64,<100K,0,0,0.000543097
1,1,F,55-64,>100K,0,0,0.040521242
1,1,M,55-64,<100K,0,0,0.001998453
1,1,M,55-64,>100K,0,0,0.001503181
1,1,F,55-64,>100K,0,0,0.006488555
1,1,F,55-64,>100K,0,0,0.00199278
1,1,M,55-64,<100K,0,0,0.00422632
0,1,M,55-64,>100K,0,0,0.00126463
1,0,M,55-64,>100K,0,0,0.095982323
1,1,F,55-64,<100K,0,0,0.001907893
1,1,F,55-64,<100K,0,0,0.002405716
0,0,M,55-64,<100K,0,0,0.00869458
1,0,F,55-64,<100K,0,0,0.001965669
1,1,M,25-34,>100K,0,0,0.002814285
1,1,M,55-64,<100K,0,0,0.192117583
1,1,F,55-64,>100K,0,0,0.002535396
1,1,F,55-64,<100K,0,0,0.003515792
0,0,F,55-64,>100K,0,0,0.004815389
1,1,F,55-64,<100K,0,0,0.001922251
1,1,F,55-64,<100K,0,0,0.002065588
1,0,M,55-64,<100K,0,0,0.006137874
1,0,M,55-64,<100K,0,0,0.000248546
1,1,F,55-64,>100K,0,0,0.001768169
1,1,F,55-64,<100K,0,0,0.001332589
1,1,F,Unknown,>100K,0,0,0.001404463
1,1,F,45-54,<100K,0,0,0.00320998
1,1,F,55-64,>100K,0,0,0.000404765
1,1,F,55-64,<100K,0,0,0.000270466
1,1,F,25-34,<100K,0,0,0.002077975
1,1,M,55-64,<100K,0,0,0.005682691
1,1,F,55-64,<100K,0,0,0.010305163
1,1,F,55-64,<100K,0,0,0.01108082
1,0,F,55-64,>100K,0,0,0.000844763
1,1,F,55-64,<100K,0,0,0.002263028
1,1,F,55-64,>100K,0,0,0.001312796
1,1,F,55-64,>100K,0,0,0.001987529
1,1,F,55-64,<100K,0,0,0.003188054
1,1,F,55-64,>100K,0,0,0.001442893
1,1,F,55-64,<100K,0,0,0.002149631
1,0,F,55-64,>100K,0,0,0.00494091
1,1,F,55-64,>100K,0,0,0.027961304
1,1,F,55-64,>100K,0,0,0.001790991
1,1,F,55-64,>100K,0,0,0.00352245
1,1,F,55-64,<100K,0,0,0.001342085
1,1,F,55-64,>100K,0,0,0.004943056
1,1,F,55-64,<100K,0,0,0.001564319
1,1,F,55-64,<100K,0,0,0.007703037
1,1,F,55-64,<100K,0,0,0.008704804
1,1,F,55-64,<100K,0,0,0.005362297
1,1,F,55-64,>100K,0,0,0.004807591
1,1,F,55-64,>100K,0,0,0.00709199
1,0,M,55-64,<100K,0,0,0.002603891
1,1,M,55-64,>100K,0,0,0.013919861
1,1,F,55-64,<100K,0,0,0.038998499
1,0,F,55-64,<100K,0,0,0.00242085
1,1,M,Unknown,<100K,0,0,0.000468998
1,1,M,55-64,<100K,0,0,0.002137165
1,1,F,55-64,<100K,0,0,0.00640797
1,0,M,55-64,>100K,0,0,0.002434458
1,1,F,55-64,<100K,0,0,0.000470012
1,1,M,55-64,>100K,0,0,0.001403716
1,1,M,55-64,<100K,0,0,0.000319833
1,1,M,55-64,>100K,0,0,0.012040052
1,1,M,55-64,<100K,0,0,0.002129937
1,1,F,55-64,<100K,0,0,0.001989108
1,1,F,55-64,>100K,0,0,0.000920661
1,1,F,55-64,<100K,0,0,0.021191196
1,1,M,55-64,<100K,0,0,0.002533188
1,0,M,55-64,<100K,0,0,0.008769546
1,1,F,55-64,<100K,0,0,0.008912156
1,1,F,55-64,>100K,0,0,0.001430458
1,1,M,55-64,<100K,0,0,0.000994656
1,0,M,55-64,>100K,0,0,0.001745519
1,1,F,55-64,>100K,0,0,0.001193554
1,1,F,55-64,>100K,0,0,0.008371696
1,0,F,55-64,>100K,0,0,0.000460056
1,1,F,55-64,>100K,0,0,0.067988078
1,1,M,55-64,>100K,0,0,0.000557337
1,1,M,55-64,>100K,0,0,0.001596244
0,1,M,55-64,<100K,0,0,0.001509565
1,1,M,55-64,<100K,0,0,0.015802371
1,0,F,45-54,>100K,0,0,0.00824661
1,1,F,55-64,>100K,0,0,0.000410562
1,0,F,55-64,>100K,0,0,0.001336087
1,1,M,55-64,>100K,0,0,0.000683046
1,1,F,55-64,<100K,0,0,0.000541663
1,1,F,55-64,>100K,0,0,0.022376965
1,1,M,55-64,<100K,0,0,0.000986213
1,1,F,55-64,<100K,0,0,0.001423712
1,1,F,55-64,<100K,0,0,0.003030334
1,1,F,55-64,>100K,0,0,0.002897888
1,0,F,55-64,<100K,0,0,0.014519047
1,0,F,55-64,<100K,0,0,0.001985416
1,1,M,55-64,<100K,0,0,0.005664115
1,1,F,55-64,<100K,0,0,0.002682952
0,1,F,55-64,<100K,0,0,0.01024786
1,0,M,Unknown,>100K,0,0,0.006639049
1,1,F,55-64,>100K,0,0,0.000194971
1,0,F,55-64,<100K,0,0,0.002832269
1,1,F,55-64,>100K,0,0,0.002094306
1,1,F,55-64,<100K,0,0,0.002217606
0,1,F,55-64,<100K,0,0,0.01211721
1,1,F,55-64,<100K,0,0,0.000498326
1,0,M,55-64,>100K,0,0,0.010870861
1,1,F,55-64,<100K,0,0,0.001928484
1,1,F,55-64,>100K,0,0,0.002319535
1,1,F,55-64,<100K,0,0,0.000292277
1,1,M,55-64,>100K,0,0,0.001666149
1,1,F,55-64,>100K,0,0,0.00548268
1,1,F,25-34,<100K,0,0,0.008696303
1,1,M,55-64,<100K,0,0,0.000426215
1,0,F,55-64,>100K,0,0,0.003305518
1,1,F,55-64,<100K,0,0,0.005463954
1,1,M,55-64,>100K,0,0,0.019200706
1,1,F,55-64,>100K,0,0,0.00069346
1,1,F,55-64,<100K,0,0,0.003268546
1,1,M,55-64,>100K,0,0,0.002637995
1,1,F,55-64,<100K,0,0,0.001322865
1,1,F,55-64,>100K,0,0,0.001580187
1,1,F,25-34,<100K,0,0,0.002445422
1,1,F,55-64,<100K,0,0,0.001662569
1,1,M,55-64,>100K,0,0,0.001476854
1,0,M,55-64,>100K,0,0,0.001805954
1,1,M,55-64,>100K,0,0,0.001608453
1,1,M,55-64,>100K,0,0,0.008295465
1,0,M,55-64,>100K,0,0,0.004470281
1,1,M,55-64,>100K,0,0,0.00172804
1,1,M,55-64,>100K,0,0,0.00552305
1,1,M,55-64,<100K,0,0,0.000219502
1,1,F,55-64,>100K,0,0,0.005903218
1,1,F,55-64,<100K,0,0,0.030105137
1,1,F,55-64,>100K,0,0,0.000634966
1,1,F,55-64,>100K,0,0,0.000274023
1,1,M,55-64,>100K,0,0,0.12035983
1,1,F,45-54,<100K,0,0,0.045064562
1,1,F,55-64,<100K,0,0,0.006667369
1,1,F,55-64,>100K,0,0,0.002892575
1,1,F,55-64,<100K,0,0,0.00187397
1,1,M,55-64,<100K,0,0,0.002424993
1,1,M,55-64,>100K,0,0,0.017627992
1,1,F,55-64,>100K,0,0,0.001375435
1,1,M,Unknown,<100K,0,0,0.021236
1,1,F,55-64,>100K,0,0,0.033171471
1,1,F,55-64,<100K,0,0,0.003027304
1,1,F,55-64,<100K,0,0,0.001599964
1,1,F,55-64,<100K,0,0,0.001119623
1,1,M,55-64,>100K,0,0,0.003175115
1,1,F,55-64,>100K,0,0,0.001241076
1,1,F,55-64,>100K,0,0,0.001396161
0,1,F,Unknown,<100K,0,0,0.001814134
1,1,F,55-64,<100K,0,0,0.001428813
1,1,F,55-64,>100K,0,0,0.004251148
1,1,F,55-64,>100K,0,0,0.003374409
1,1,F,55-64,>100K,0,0,0.001745399
1,1,F,55-64,>100K,0,0,0.000963737
1,1,M,55-64,>100K,0,0,0.100695013
1,1,M,55-64,<100K,0,0,0.041199591
1,1,F,55-64,<100K,0,0,0.001802161
1,1,F,55-64,<100K,0,0,0.001455371
1,1,F,55-64,<100K,0,0,0.001975859
1,1,M,55-64,<100K,0,0,0.004797655
1,0,F,55-64,>100K,0,0,0.003720706
1,1,F,55-64,<100K,0,0,0.000315609
1,1,M,55-64,<100K,0,0,0.027581245
1,1,F,55-64,<100K,0,0,0.01802255
1,1,F,55-64,<100K,0,0,0.002061012
1,1,F,55-64,>100K,0,0,0.002252693
1,1,M,55-64,>100K,0,0,0.047255138
1,1,M,55-64,<100K,0,0,0.078512448
1,1,F,55-64,>100K,0,0,0.006963782
1,1,M,55-64,>100K,0,0,0.002508833
1,0,M,55-64,>100K,0,0,0.002086724
1,0,M,55-64,<100K,0,0,0.006802851
1,1,F,55-64,>100K,0,0,0.0015456
1,1,F,55-64,<100K,0,0,0.00407751
1,1,M,55-64,>100K,0,0,0.001343218
1,1,M,55-64,<100K,0,0,0.019449539
1,1,F,55-64,<100K,0,0,0.000595012
1,1,M,55-64,<100K,0,0,0.004865144
1,1,M,55-64,<100K,0,0,0.000216873
1,1,F,55-64,>100K,0,0,0.001646229
1,1,F,55-64,>100K,0,0,0.049608273
1,1,M,55-64,>100K,0,0,0.049186683
1,1,F,55-64,<100K,0,0,0.002234559
1,1,M,55-64,<100K,0,0,0.004267441
1,1,M,25-34,>100K,0,0,0.090308883
1,1,F,55-64,>100K,0,0,0.002096048
1,1,F,55-64,>100K,0,0,0.016092644
1,1,F,Unknown,<100K,0,0,0.004668767
1,1,F,55-64,<100K,0,0,0.006235746
1,0,M,55-64,<100K,0,0,0.017752936
1,1,M,55-64,<100K,0,0,0.184772737
1,1,M,Unknown,<100K,0,0,0.00049147
1,1,M,55-64,>100K,0,0,0.255946462
1,1,F,55-64,<100K,0,0,0.000200122
1,1,F,55-64,<100K,0,0,0.001664394
1,1,F,55-64,>100K,0,0,0.015152942
1,1,F,55-64,<100K,0,0,0.000252014
1,1,F,55-64,<100K,0,0,0.001458622
1,1,M,55-64,>100K,0,0,0.097354027
1,1,M,55-64,>100K,0,0,0.00273336
1,1,F,55-64,>100K,0,0,0.011357828
0,1,F,55-64,<100K,0,0,0.000305736
1,1,M,55-64,>100K,0,0,0.000307006
1,1,F,55-64,<100K,0,0,0.004484586
1,1,F,55-64,<100K,0,0,0.006171335
1,1,M,55-64,<100K,0,0,0.003498765
1,1,F,55-64,<100K,0,0,0.003330049
1,1,F,55-64,>100K,0,0,0.000226009
0,1,M,55-64,<100K,0,0,0.000308352
1,1,F,55-64,>100K,0,0,0.00144441
1,1,F,Unknown,>100K,0,0,0.001881455
1,0,F,55-64,<100K,0,0,0.001223997
1,1,F,55-64,<100K,0,0,0.002404592
1,1,F,55-64,>100K,0,0,0.000376743
1,1,M,Unknown,<100K,0,0,0.002950035
1,1,F,55-64,<100K,0,0,0.005179508
1,1,F,55-64,<100K,0,0,0.002377856
1,1,F,55-64,>100K,0,0,0.004732066
1,1,F,55-64,<100K,0,0,0.00176483
1,0,M,55-64,<100K,0,0,0.002231159
1,1,F,Unknown,<100K,0,0,0.001561589
1,1,M,55-64,<100K,0,0,0.001807626
1,1,M,55-64,>100K,0,0,0.004611527
1,1,M,55-64,<100K,0,0,0.031677406
1,0,M,55-64,>100K,0,0,0.006467865
1,1,F,55-64,>100K,0,0,0.000351916
1,1,M,55-64,<100K,0,0,0.106427021
1,1,F,55-64,>100K,0,0,0.002091423
1,1,M,55-64,>100K,0,0,0.002369493
1,1,F,55-64,<100K,0,0,0.002176875
0,1,F,55-64,>100K,0,0,0.00740928
1,1,F,55-64,>100K,0,0,0.002876449
1,1,F,55-64,>100K,0,0,0.002024421
1,1,M,55-64,<100K,0,0,0.001612648
1,1,F,55-64,<100K,0,0,0.091775817
1,0,F,55-64,<100K,0,0,0.009162076
1,1,F,55-64,>100K,0,0,0.004289342
1,1,M,55-64,<100K,0,0,0.002460551
1,1,M,55-64,<100K,0,0,0.001598107
1,1,F,55-64,<100K,0,0,0.001363043
1,1,F,55-64,>100K,0,0,0.007112892
1,1,F,Unknown,>100K,0,0,0.002696817
1,1,F,55-64,>100K,0,0,0.001124046
1,1,F,55-64,<100K,0,0,0.001967734
1,1,M,55-64,>100K,0,0,0.002661804
1,1,F,55-64,>100K,0,0,0.002131413
0,1,F,55-64,<100K,0,0,0.003208639
1,1,F,55-64,<100K,0,0,0.002208157
1,1,F,55-64,<100K,0,0,0.001854434
1,0,M,55-64,<100K,0,0,0.00133119
1,1,F,45-54,>100K,0,0,0.001264785
1,1,M,55-64,<100K,0,0,0.036155215
1,1,F,55-64,<100K,0,0,0.000390443
1,1,M,45-54,<100K,0,0,0.000171682
1,0,F,55-64,>100K,0,0,0.05027159
1,1,M,55-64,<100K,0,0,0.002605159
1,1,F,55-64,>100K,0,0,0.014754106
1,1,F,55-64,<100K,0,0,0.109453743
1,1,F,55-64,<100K,0,0,0.039664494
1,1,M,55-64,>100K,0,0,0.001428154
1,1,F,55-64,>100K,0,0,0.001706356
1,1,M,55-64,<100K,0,0,0.004122916
1,0,M,55-64,>100K,0,0,0.012859644
1,1,F,55-64,<100K,0,0,0.002016147
1,1,M,55-64,>100K,0,0,0.004028568
1,1,F,55-64,<100K,0,0,0.000765642
1,1,F,55-64,>100K,0,0,0.014694642
1,1,M,55-64,>100K,0,0,0.003630072
1,0,M,55-64,>100K,0,0,0.003491483
1,1,F,55-64,<100K,0,0,0.005635564
1,0,F,55-64,<100K,0,0,0.003710568
1,1,F,55-64,>100K,0,0,0.012917432
1,1,F,55-64,<100K,0,0,0.002457803
0,1,M,45-54,<100K,0,0,0.001281729
1,0,F,55-64,>100K,0,0,0.001413075
1,1,F,55-64,>100K,0,0,0.001471625
1,0,F,55-64,>100K,0,0,0.002264336
1,1,F,55-64,>100K,0,0,0.002339924
0,0,F,55-64,<100K,0,0,0.002041923
1,1,M,55-64,>100K,0,0,0.000750937
1,1,F,55-64,>100K,0,0,0.001678741
1,1,F,55-64,>100K,0,0,0.002398597
1,1,F,55-64,<100K,0,0,0.000943523
1,1,M,55-64,>100K,0,0,0.001128526
1,1,F,55-64,>100K,0,0,0.001438435
1,0,F,55-64,<100K,0,0,0.069217313
1,1,F,55-64,<100K,0,0,0.001547046
1,1,F,55-64,>100K,0,0,0.002799481
1,1,M,55-64,<100K,0,0,0.002025389
1,1,F,55-64,<100K,0,0,0.002717694
1,1,F,55-64,>100K,0,0,0.004225217
1,1,F,Unknown,<100K,0,0,0.00038304
1,0,F,55-64,>100K,0,0,0.001395703
1,1,M,55-64,>100K,0,0,0.001587849
1,1,F,55-64,>100K,0,0,0.007255897
1,1,M,55-64,>100K,0,0,0.022396516
1,1,F,55-64,<100K,0,0,0.002262498
0,1,M,55-64,>100K,0,0,0.001782249
1,1,F,55-64,<100K,0,0,0.015104655
1,0,F,55-64,<100K,0,0,0.002539453
1,0,F,55-64,<100K,0,0,0.002461694
1,1,M,55-64,>100K,0,0,0.001099641
1,1,M,55-64,<100K,0,0,0.000430384
1,1,F,55-64,<100K,0,0,0.001971339
1,1,M,55-64,>100K,0,0,0.001753027
1,1,F,55-64,<100K,0,0,0.000245574
1,1,F,55-64,>100K,0,0,0.001553325
1,1,F,55-64,>100K,0,0,0.00230829
1,0,F,55-64,<100K,0,0,0.00027193
1,1,F,55-64,<100K,0,0,0.002561572
1,1,M,55-64,>100K,0,0,0.003496188
1,1,F,55-64,<100K,0,0,0.00152493
1,1,F,55-64,<100K,0,0,0.001007653
0,1,M,55-64,>100K,0,0,0.001756296
1,1,F,55-64,>100K,0,0,0.00283108
0,0,M,55-64,<100K,0,0,0.021755025
1,1,F,55-64,<100K,0,0,0.031578975
1,1,F,55-64,<100K,0,0,0.002282319
1,1,M,55-64,<100K,0,0,0.001765661
1,0,F,45-54,>100K,0,0,0.073324119
1,1,F,55-64,>100K,0,0,0.002884205
1,1,F,55-64,>100K,0,0,0.000517331
1,1,F,55-64,<100K,0,0,0.007256295
1,0,M,55-64,<100K,0,0,0.001589587
1,0,F,55-64,<100K,0,0,0.003477752
1,1,F,55-64,>100K,0,0,0.001727165
1,1,F,55-64,<100K,0,0,0.001516153
1,1,M,55-64,>100K,0,0,0.00239101
1,1,F,55-64,<100K,0,0,0.003339232
1,0,M,Unknown,<100K,0,0,0.164362152
1,1,M,55-64,<100K,0,0,0.000782658
1,1,F,55-64,<100K,0,0,0.001069319
1,1,F,55-64,>100K,0,0,0.00347545
1,1,F,55-64,>100K,0,0,0.01786909
1,1,F,55-64,<100K,0,0,0.002320742
1,1,F,55-64,>100K,0,0,0.000502016
1,1,F,55-64,<100K,0,0,0.222545156
1,0,M,55-64,>100K,0,0,0.003084711
1,1,M,55-64,<100K,0,0,0.001108068
1,1,F,55-64,<100K,0,0,0.014769091
1,0,F,55-64,>100K,0,0,0.002977912
1,1,F,55-64,<100K,0,0,0.001664798
1,0,F,55-64,>100K,0,0,0.00082817
1,0,F,55-64,<100K,0,0,0.005546253
1,0,F,55-64,<100K,0,0,0.001229157
1,1,M,55-64,<100K,0,0,0.002773114
1,1,M,55-64,<100K,0,0,0.000475599
1,1,M,55-64,<100K,0,0,0.000989824
0,1,M,55-64,>100K,0,0,0.003830096
0,1,M,55-64,>100K,0,0,0.000463072
1,1,F,55-64,<100K,0,0,0.000589388
1,1,F,55-64,>100K,0,0,0.001398963
1,1,F,55-64,<100K,0,0,0.001250742
1,1,F,55-64,>100K,0,0,0.001309995
1,1,F,55-64,>100K,0,0,0.001003434
1,1,M,55-64,<100K,0,0,0.007239544
0,1,F,55-64,<100K,0,0,0.000485339
1,1,M,25-34,>100K,0,0,0.000777706
1,1,M,55-64,<100K,0,0,0.001674229
1,1,F,55-64,>100K,0,0,0.004766449
1,1,M,55-64,<100K,0,0,0.002481682
1,1,F,55-64,>100K,0,0,0.001059709
1,1,F,55-64,>100K,0,0,0.003177226
1,1,F,55-64,>100K,0,0,0.000943977
1,1,F,55-64,>100K,0,0,0.003521121
1,0,F,55-64,>100K,0,0,0.001827344
1,0,F,55-64,>100K,0,0,0.002210332
1,1,F,45-54,>100K,0,0,0.004214955
1,1,M,55-64,>100K,0,0,0.017832885
1,0,F,55-64,<100K,0,0,0.002363229
1,0,F,Unknown,<100K,0,0,0.058366705
1,1,M,55-64,<100K,0,0,0.001295339
1,1,F,55-64,>100K,0,0,0.001382087
1,1,F,55-64,<100K,0,0,0.000436043
1,1,M,55-64,>100K,0,0,0.014572918
1,1,M,55-64,>100K,0,0,0.000469768
1,1,F,55-64,>100K,0,0,0.002885007
1,1,M,55-64,>100K,0,0,0.00186331
1,1,M,Unknown,>100K,0,0,0.00243849
1,1,F,55-64,<100K,0,0,0.017067902
1,0,F,55-64,>100K,0,0,0.001320966
1,1,F,55-64,<100K,0,0,0.000540365
1,1,F,25-34,>100K,0,0,0.083457497
1,1,F,55-64,>100K,0,0,0.038875328
1,1,F,55-64,<100K,0,0,0.001019621
1,1,F,55-64,<100K,0,0,0.002175835
1,1,F,55-64,<100K,0,0,0.001653484
1,1,F,55-64,<100K,0,0,0.001276967
1,1,F,55-64,<100K,0,0,0.002159951
1,1,M,25-34,>100K,0,0,0.004052913
1,1,F,55-64,<100K,0,0,0.000572136
1,1,F,55-64,<100K,0,0,0.00016176
1,1,M,55-64,>100K,0,0,0.002106347
1,0,M,55-64,<100K,0,0,0.003717948
1,1,M,55-64,<100K,0,0,0.004038733
1,1,F,55-64,>100K,0,0,0.001849193
1,0,F,55-64,<100K,0,0,0.020737284
1,1,F,55-64,<100K,0,0,0.001715358
1,1,M,55-64,<100K,0,0,0.000954459
1,1,M,55-64,>100K,0,0,0.021112304
1,0,M,55-64,<100K,0,0,0.007973313
1,1,F,55-64,>100K,0,0,0.005489605
1,1,M,55-64,>100K,0,0,0.000938821
1,0,M,55-64,>100K,0,0,0.001971232
1,1,M,55-64,<100K,0,0,0.002175553
1,1,M,55-64,>100K,0,0,0.048194191
1,1,F,Unknown,>100K,0,0,0.001582773
1,0,M,55-64,<100K,0,0,0.001265788
1,1,F,45-54,>100K,0,0,0.001136683
1,0,F,55-64,>100K,0,0,0.002876929
1,1,F,55-64,>100K,0,0,0.00488815
1,1,F,55-64,<100K,0,0,0.015031596
1,1,M,55-64,>100K,0,0,0.002380531
1,1,M,Unknown,>100K,0,0,0.002923113
1,1,F,55-64,<100K,0,0,0.013711826
1,1,F,55-64,>100K,0,0,0.001050244
1,1,M,55-64,>100K,0,0,0.001419906
1,1,M,55-64,>100K,0,0,0.028863366
1,1,M,55-64,<100K,0,0,0.034732881
1,1,F,55-64,<100K,0,0,0.002297679
1,1,F,55-64,<100K,0,0,0.00191745
1,1,F,55-64,>100K,0,0,0.010314654
1,1,M,55-64,>100K,0,0,0.008451978
1,1,M,55-64,<100K,0,0,0.026260093
1,1,M,55-64,>100K,0,0,0.000315016
1,1,M,55-64,<100K,0,0,0.001238827
1,1,F,55-64,>100K,0,0,0.000200147
1,1,M,55-64,>100K,0,0,0.001743785
1,1,M,55-64,>100K,0,0,0.004618864
1,1,F,Unknown,>100K,0,0,0.06749393
1,1,M,55-64,<100K,1,0,0.006887659
1,1,M,25-34,>100K,0,0,0.002386685
1,1,F,55-64,>100K,0,0,0.001462906
1,0,M,55-64,<100K,0,0,0.002251385
1,1,F,55-64,>100K,0,0,0.000292305
1,1,F,55-64,<100K,0,0,0.001407531
1,1,F,55-64,>100K,0,0,0.002599389
1,1,F,55-64,>100K,0,0,0.005099851
1,1,M,55-64,<100K,0,0,0.001289009
1,1,F,55-64,>100K,0,0,0.000925282
1,0,F,55-64,<100K,0,0,0.000962301
1,1,M,55-64,<100K,0,1,0.583357942
1,0,F,55-64,<100K,0,0,0.002070348
1,1,F,55-64,>100K,0,0,0.000605561
1,1,F,55-64,<100K,0,0,0.002590137
1,1,F,55-64,<100K,0,0,0.004460156
1,1,F,55-64,<100K,0,0,0.002269133
1,1,F,55-64,<100K,0,0,0.000806846
0,1,M,55-64,>100K,0,0,0.000672003
1,1,F,55-64,<100K,0,0,0.000541714
1,1,F,55-64,<100K,0,0,0.12083053
1,1,M,55-64,>100K,0,0,0.002248104
1,1,F,55-64,>100K,0,0,0.004998496
1,1,F,55-64,<100K,0,0,0.015264629
0,1,F,55-64,<100K,0,0,0.004201669
1,1,M,55-64,<100K,0,0,0.00071045
1,0,M,55-64,>100K,0,0,0.003746874
1,0,F,55-64,<100K,0,0,0.001941526
1,1,F,55-64,<100K,0,0,0.002769414
1,1,F,55-64,<100K,0,0,0.00104533
1,1,M,55-64,>100K,0,0,0.01288699
1,1,F,55-64,<100K,0,0,0.001464024
1,1,F,55-64,>100K,0,0,0.008740548
1,1,M,55-64,<100K,0,0,0.00301165
1,0,F,55-64,>100K,0,0,0.006530848
1,1,F,55-64,<100K,0,0,8.62E-05
1,1,F,55-64,<100K,0,0,0.001719491
1,1,F,55-64,<100K,0,0,0.002110628
1,1,M,55-64,<100K,0,0,0.001902116
1,1,F,55-64,<100K,0,0,0.045480824
1,1,M,55-64,>100K,0,0,0.019222796
1,1,F,55-64,<100K,0,0,0.003620721
1,1,M,55-64,>100K,0,0,0.000454534
1,1,F,55-64,>100K,0,0,0.00093723
1,0,F,55-64,>100K,0,0,0.023509262
1,1,F,55-64,<100K,0,0,0.001243416
1,1,F,55-64,>100K,0,0,0.001119178
1,1,M,55-64,>100K,0,0,0.000145147
1,1,F,55-64,<100K,0,0,0.01390178
1,1,F,55-64,>100K,0,0,0.003650699
1,1,F,55-64,>100K,0,0,0.002637777
1,1,F,55-64,<100K,0,0,0.091053945
1,1,M,55-64,>100K,0,0,0.00471267
1,1,F,55-64,<100K,0,0,0.006632419
1,0,F,55-64,<100K,0,0,0.001787823
1,1,M,55-64,<100K,0,0,0.002072963
1,1,M,55-64,<100K,0,0,0.001395321
1,1,F,55-64,>100K,0,0,0.000660113
1,1,F,55-64,>100K,0,0,0.006889227
1,0,M,55-64,>100K,0,0,0.003258504
1,1,F,55-64,>100K,0,0,0.002077973
1,1,F,55-64,>100K,0,0,0.001807153
1,0,F,25-34,<100K,0,0,0.001421238
1,1,M,55-64,<100K,0,0,0.003183164
1,1,F,55-64,<100K,0,0,0.001579133
0,1,F,55-64,<100K,0,0,0.000254071
1,0,F,55-64,>100K,0,0,0.003964113
1,1,M,55-64,<100K,0,0,0.000963304
1,1,F,55-64,<100K,0,0,0.000901552
1,1,F,55-64,<100K,0,0,0.004425902
1,1,F,55-64,<100K,0,0,0.001350452
1,0,M,55-64,>100K,0,0,0.00253093
1,0,M,55-64,<100K,0,0,0.044594998
1,1,M,55-64,<100K,0,0,0.006070162
1,1,F,55-64,<100K,0,0,0.004711205
1,1,F,55-64,>100K,0,0,0.000639961
1,1,F,45-54,<100K,0,0,0.001135379
1,1,F,55-64,<100K,0,0,0.006988939
1,1,M,55-64,<100K,0,0,0.00162588
1,0,F,55-64,>100K,0,0,0.008011155
1,1,F,55-64,>100K,0,0,0.000232541
1,1,F,55-64,<100K,0,0,0.002153921
1,1,M,55-64,>100K,0,0,0.00032965
1,0,F,55-64,<100K,0,0,0.001161542
1,1,M,55-64,<100K,0,0,0.023076332
0,0,F,55-64,>100K,0,0,0.0029963
1,0,F,55-64,>100K,0,0,0.002145475
1,1,F,55-64,>100K,0,0,0.000575128
1,1,F,55-64,>100K,0,0,0.107714527
1,1,M,55-64,>100K,0,0,0.006466961
1,1,F,55-64,<100K,0,0,0.001916777
0,1,M,55-64,>100K,0,0,0.004659052
1,0,M,55-64,<100K,0,0,0.003590581
1,1,F,25-34,<100K,0,0,0.000453908
1,1,F,55-64,>100K,0,0,0.005945308
1,1,F,55-64,<100K,0,0,0.000308991
1,1,F,55-64,>100K,0,0,0.002069602
0,1,F,55-64,<100K,0,0,0.020074113
1,1,F,55-64,<100K,0,0,0.004535359
1,1,F,55-64,<100K,0,0,0.231701727
1,1,F,55-64,<100K,0,0,0.108388131
1,1,F,55-64,>100K,0,0,0.003252854
1,1,F,55-64,<100K,0,0,0.065185611
1,0,M,55-64,>100K,0,0,0.000977494
1,1,F,55-64,>100K,0,0,0.000999292
1,1,F,55-64,<100K,0,0,0.000439034
1,1,F,55-64,>100K,0,0,0.007040007
1,1,F,55-64,>100K,0,0,0.002448252
1,1,M,55-64,>100K,0,0,0.000552046
1,1,F,55-64,<100K,0,0,0.00155423
1,1,F,55-64,<100K,0,0,0.003596176
1,1,M,55-64,>100K,0,0,0.001622008
1,1,F,55-64,<100K,0,0,0.00155484
1,1,M,55-64,<100K,0,0,0.011104175
0,1,F,55-64,<100K,0,0,0.002724812
1,1,F,55-64,>100K,0,0,0.02363439
1,0,F,55-64,<100K,0,0,0.000429686
1,1,F,55-64,<100K,0,0,0.003285192
1,1,M,55-64,>100K,0,0,0.001768537
0,1,F,55-64,<100K,0,0,0.003616558
1,1,F,55-64,>100K,0,0,0.001409734
1,1,F,55-64,>100K,0,0,0.009373577
1,1,F,55-64,>100K,0,0,0.001561201
1,1,F,55-64,<100K,0,0,0.000224576
1,0,M,55-64,>100K,0,0,0.007915785
0,1,F,55-64,<100K,0,0,0.002317778
1,0,F,55-64,<100K,0,0,0.005993599
1,1,F,55-64,>100K,0,0,0.003527311
1,1,F,55-64,<100K,0,0,0.048243066
1,1,M,55-64,<100K,0,0,0.00226268
1,1,F,55-64,<100K,0,0,0.000711711
1,0,M,55-64,>100K,0,0,0.001773983
1,1,M,55-64,>100K,0,0,0.01554008
1,1,F,55-64,>100K,0,0,0.000996588
1,0,F,55-64,>100K,0,0,0.000141493
1,1,F,55-64,>100K,0,0,0.079044105
1,1,F,55-64,>100K,0,0,0.000990799
1,1,F,55-64,>100K,0,0,0.001377098
1,1,M,55-64,<100K,0,0,0.002831006
1,1,F,55-64,<100K,0,0,0.102660592
0,1,F,55-64,>100K,0,0,0.003838287
1,1,F,55-64,<100K,0,0,0.000909835
1,0,M,55-64,<100K,0,0,0.003168736
1,1,F,55-64,>100K,0,0,0.001731784
1,1,F,55-64,<100K,0,0,0.002500078
1,1,F,55-64,>100K,0,0,0.002826212
1,0,F,55-64,<100K,0,0,0.000513488
1,1,M,55-64,<100K,0,0,0.00266721
1,1,M,55-64,<100K,0,0,0.000469623
1,1,F,55-64,<100K,0,0,0.002952428
1,1,F,55-64,>100K,0,0,0.03766123
1,1,F,55-64,>100K,0,0,0.001521972
1,0,F,55-64,>100K,0,0,0.009041479
1,1,F,55-64,<100K,0,0,0.001802784
1,1,M,55-64,<100K,0,0,0.010638074
1,1,F,55-64,>100K,0,0,0.027633903
1,1,F,55-64,<100K,0,0,0.003116389
1,1,M,55-64,<100K,0,0,0.102474029
1,1,F,55-64,<100K,0,0,0.064130074
1,1,F,55-64,<100K,0,0,0.001049457
1,1,F,45-54,<100K,0,0,0.001773622
1,1,F,55-64,<100K,0,0,0.002780581
1,1,M,55-64,>100K,0,0,0.003086633
1,1,F,55-64,>100K,0,0,0.011920176
1,1,F,55-64,<100K,0,0,0.002083484
1,0,F,55-64,<100K,0,0,0.000771465
1,1,M,25-34,>100K,0,0,0.002488234
1,1,F,55-64,<100K,0,0,0.001091568
1,1,F,55-64,>100K,0,0,0.002346896
1,0,F,25-34,<100K,0,0,0.001900781
1,0,F,55-64,>100K,0,0,0.00362672
1,1,M,55-64,>100K,0,0,0.001484488
1,1,M,55-64,<100K,0,0,0.002113521
1,1,M,55-64,<100K,0,0,0.004300798
1,1,F,55-64,<100K,0,0,0.00644738
1,0,M,55-64,>100K,0,0,0.001924382
1,1,M,55-64,<100K,0,0,0.018559707
1,1,M,55-64,<100K,0,0,0.002375481
1,1,F,55-64,<100K,0,0,0.000478656
1,1,F,55-64,<100K,0,0,0.02814188
1,1,F,55-64,>100K,0,0,0.046901196
1,1,F,55-64,<100K,0,0,0.002964456
1,1,M,25-34,>100K,0,0,0.00160377
1,1,F,55-64,>100K,0,0,0.002760169
1,1,F,55-64,>100K,0,0,0.001491395
1,1,M,55-64,>100K,0,0,0.235197289
1,1,M,55-64,<100K,0,0,0.079226034
1,1,F,55-64,<100K,0,0,0.001823197
1,1,M,55-64,<100K,0,0,0.001712359
1,1,F,55-64,<100K,0,0,0.005549589
1,1,F,55-64,<100K,0,0,0.002685109
1,1,F,Unknown,>100K,0,0,0.043926839
1,1,F,55-64,<100K,0,0,0.0021616
1,1,M,55-64,<100K,0,0,0.013305515
1,1,F,55-64,<100K,0,0,0.001861833
1,1,F,55-64,<100K,0,0,0.001373467
1,1,M,55-64,>100K,0,0,0.029446656
1,1,F,55-64,>100K,0,0,0.0018734
0,1,F,55-64,<100K,0,0,0.061327369
1,1,M,55-64,>100K,0,0,0.003237968
1,1,F,55-64,<100K,0,0,0.002251068
1,1,F,55-64,>100K,0,0,0.027916216
1,1,F,55-64,<100K,0,0,0.000111612
1,1,F,55-64,<100K,0,0,0.000764245
0,1,F,55-64,>100K,0,0,0.001030108
1,1,F,55-64,<100K,0,0,0.001895129
1,0,F,55-64,<100K,0,0,0.001115711
1,1,F,55-64,>100K,0,0,0.000650436
0,1,F,55-64,<100K,0,0,0.002766679
1,1,F,55-64,>100K,0,0,0.000581434
1,1,F,55-64,<100K,0,0,0.001704671
1,1,F,55-64,>100K,0,0,0.110478876
1,1,F,55-64,>100K,0,0,0.109457491
1,1,M,55-64,>100K,0,0,0.015778848
1,1,M,55-64,<100K,0,0,0.004611976
0,0,F,Unknown,<100K,0,0,0.161743143
1,1,F,55-64,>100K,0,0,0.003849279
1,1,M,55-64,<100K,0,0,0.001985006
1,1,F,55-64,<100K,0,0,0.002236856
1,1,M,55-64,<100K,0,0,0.001817772
1,1,F,55-64,>100K,0,0,0.005313667
1,0,F,55-64,<100K,0,0,0.002894086
1,1,M,55-64,<100K,0,0,0.002183468
1,1,M,55-64,>100K,0,0,0.001933932
1,1,F,55-64,<100K,0,0,0.00509751
1,1,M,55-64,<100K,0,0,0.001324281
1,1,F,55-64,<100K,0,0,0.001765169
1,1,F,55-64,>100K,0,0,0.054036589
1,1,M,55-64,>100K,0,0,0.000897325
0,1,M,55-64,>100K,0,0,0.001603254
1,1,F,55-64,<100K,0,0,0.002406283
1,0,F,55-64,>100K,0,0,0.000558222
1,0,F,55-64,>100K,0,0,0.001511645
1,1,M,55-64,<100K,0,0,0.001484405
1,1,F,25-34,<100K,0,0,0.003689894
1,1,F,45-54,>100K,0,0,0.002786418
0,0,M,Unknown,>100K,0,0,0.005953994
0,1,F,55-64,<100K,0,0,0.001701292
1,1,M,55-64,>100K,0,0,0.007468749
1,1,M,55-64,<100K,0,0,0.037956264
1,1,F,55-64,>100K,0,0,0.003473468
1,1,F,55-64,>100K,0,0,0.002165842
1,1,M,Unknown,>100K,0,0,0.001321362
1,0,M,55-64,<100K,0,0,0.000714536
0,1,M,55-64,>100K,0,0,0.002302786
1,1,M,55-64,>100K,0,0,0.000134528
1,0,F,55-64,>100K,0,0,0.002323334
1,1,F,55-64,>100K,0,0,0.005454926
1,1,F,55-64,<100K,0,0,0.000305677
1,0,F,55-64,>100K,0,0,0.005260439
1,0,F,55-64,>100K,0,0,0.004032452
1,1,M,55-64,>100K,0,0,0.001097446
1,1,M,55-64,>100K,0,0,0.004122393
1,1,M,55-64,>100K,0,0,0.000340682
1,1,M,55-64,<100K,0,0,0.00329514
0,1,F,55-64,<100K,0,0,0.048667156
1,1,F,55-64,<100K,0,0,0.001887268
1,1,F,55-64,>100K,0,0,0.071667635
1,1,F,55-64,>100K,0,0,0.10981787
1,1,F,55-64,>100K,0,0,0.00108825
1,1,F,55-64,<100K,0,0,0.002248285
1,1,F,55-64,<100K,0,0,0.001645148
1,1,F,55-64,<100K,0,0,0.00116264
1,1,F,55-64,>100K,0,0,0.003177702
1,1,F,55-64,<100K,0,0,0.002020623
1,1,F,55-64,>100K,0,0,0.007956935
1,0,M,55-64,>100K,0,0,0.001196189
1,1,M,55-64,<100K,0,0,0.000304636
1,1,M,55-64,>100K,0,0,0.001430572
1,1,M,55-64,>100K,0,0,0.00167549
1,1,F,55-64,<100K,0,0,0.000726586
1,1,M,55-64,>100K,0,0,0.00207845
1,1,F,55-64,>100K,0,0,0.001989518
1,1,F,55-64,<100K,0,0,0.004257391
1,1,F,55-64,<100K,0,0,0.000363225
1,1,F,55-64,<100K,0,0,0.000222286
1,1,F,55-64,<100K,0,0,0.001942309
1,1,F,55-64,>100K,0,0,0.114820885
1,1,F,55-64,>100K,0,0,0.006665241
1,1,F,55-64,>100K,0,0,0.002656099
1,1,F,55-64,<100K,0,0,0.006073084
1,0,F,55-64,<100K,0,0,0.000265761
1,1,F,Unknown,<100K,0,0,0.002447698
1,1,M,55-64,>100K,0,0,0.001556525
1,1,F,55-64,>100K,0,0,0.000542998
1,1,F,55-64,>100K,0,0,0.002474381
1,1,M,55-64,>100K,0,0,0.013943311
1,1,F,55-64,>100K,0,0,0.001534283
1,1,M,55-64,>100K,0,0,0.001276253
1,1,F,55-64,<100K,0,0,0.001496113
1,0,F,55-64,<100K,0,0,0.009103718
1,1,M,55-64,>100K,0,0,0.001359848
1,1,M,Unknown,<100K,0,0,0.010927823
1,1,F,55-64,<100K,0,0,0.003232677
1,1,F,55-64,>100K,0,0,0.033640747
1,1,M,55-64,>100K,0,0,0.00154708
0,1,F,55-64,>100K,0,0,0.002011246
1,1,F,55-64,<100K,0,0,0.002185811
1,1,M,55-64,>100K,0,0,0.010471984
1,1,F,55-64,<100K,0,0,0.124641556
1,1,F,55-64,>100K,0,0,0.000159625
1,1,F,55-64,<100K,0,0,0.000334377
1,1,M,55-64,>100K,0,0,0.001347373
1,1,M,55-64,<100K,0,0,0.001807557
1,1,F,55-64,>100K,0,0,0.001622234
1,1,F,55-64,<100K,0,0,0.000363935
1,1,M,55-64,>100K,0,0,0.002665138
1,1,M,55-64,>100K,0,0,0.000584128
1,1,M,55-64,>100K,0,0,0.141742178
1,1,M,55-64,<100K,0,0,0.001087782
1,1,F,45-54,<100K,0,0,0.000643244
1,0,F,55-64,<100K,0,0,0.003842835
1,1,F,55-64,>100K,0,0,0.000205415
1,1,F,55-64,>100K,0,0,0.001339103
1,1,F,55-64,>100K,0,0,0.011733875
1,1,M,55-64,>100K,0,0,0.010884344
1,1,F,55-64,>100K,0,0,0.061259711
1,0,F,55-64,>100K,0,0,0.008507764
1,1,F,55-64,>100K,0,0,0.000383204
1,1,F,55-64,<100K,0,0,0.001101181
1,1,F,55-64,<100K,0,0,0.121141342
1,1,F,Unknown,>100K,0,0,0.003860394
1,1,F,55-64,>100K,0,0,0.001117957
1,1,F,55-64,<100K,0,0,0.004076717
1,1,F,55-64,<100K,0,0,0.002426255
1,1,M,55-64,>100K,0,0,0.048746548
1,0,F,55-64,<100K,0,0,0.002408056
1,1,M,55-64,<100K,0,0,0.000218921
1,1,F,55-64,<100K,0,0,0.001470167
1,1,F,55-64,>100K,0,0,0.00039368
1,1,F,55-64,>100K,0,0,0.003814981
1,1,F,55-64,>100K,0,0,0.010037067
1,0,F,55-64,<100K,0,1,0.365767416
1,1,F,55-64,>100K,0,0,0.004916116
0,1,F,55-64,>100K,0,0,0.003210973
1,1,M,55-64,>100K,0,0,0.001724513
1,1,F,55-64,>100K,0,0,0.003966312
1,1,F,55-64,<100K,0,0,0.009175834
1,1,F,55-64,<100K,0,0,0.000186055
1,1,F,55-64,>100K,0,0,0.000814988
1,1,F,55-64,>100K,0,0,0.001649345
1,1,M,55-64,<100K,0,0,0.001808208
1,1,M,55-64,>100K,0,0,0.029334024
1,0,M,55-64,<100K,0,0,0.00221017
1,0,F,55-64,>100K,0,0,0.000870141
1,1,F,55-64,<100K,0,0,0.000415382
1,1,F,55-64,<100K,0,0,0.00047691
1,1,M,55-64,<100K,0,0,0.001650461
1,0,F,55-64,>100K,0,0,0.001732032
1,1,F,55-64,>100K,0,0,0.005472599
1,1,F,55-64,<100K,0,0,0.004602069
1,1,M,55-64,<100K,0,0,0.000549861
1,1,M,55-64,<100K,0,0,0.001444986
1,1,F,55-64,>100K,0,0,0.001941042
1,1,M,55-64,<100K,0,0,0.000251153
1,0,F,55-64,>100K,0,0,0.024802449
1,1,F,55-64,>100K,0,0,0.000874909
1,1,F,55-64,>100K,0,0,0.001259155
1,1,M,55-64,<100K,0,0,0.001813563
1,1,F,55-64,>100K,0,0,0.002358293
1,1,F,55-64,<100K,0,0,0.00793496
1,1,M,55-64,<100K,0,0,0.000402285
1,1,F,55-64,<100K,0,0,0.006907479
1,1,M,55-64,<100K,0,0,0.000402132
1,1,F,45-54,>100K,0,0,0.1206365
1,1,M,55-64,>100K,0,0,0.0052298
1,1,F,55-64,<100K,0,0,0.005023813
1,0,F,55-64,<100K,0,0,0.001767733
1,1,F,55-64,<100K,0,0,0.000198631
1,1,M,55-64,>100K,0,0,0.001110399
1,1,M,55-64,<100K,0,0,0.006211275
1,1,F,55-64,>100K,0,0,0.001300922
1,1,F,55-64,>100K,0,0,0.000671903
1,1,F,55-64,>100K,0,0,0.003329721
1,1,M,55-64,<100K,0,0,0.002714017
1,0,F,55-64,<100K,0,0,0.007954501
1,1,F,55-64,<100K,0,0,0.000562676
0,1,F,55-64,<100K,0,0,0.00207837
1,1,F,55-64,>100K,0,0,0.001654556
1,1,M,55-64,<100K,0,0,0.001138544
1,1,F,55-64,<100K,0,0,0.002051593
1,1,F,55-64,<100K,0,0,0.006921735
1,1,F,55-64,<100K,0,0,0.000565894
1,0,F,Unknown,>100K,0,0,0.000219676
1,1,F,55-64,>100K,0,0,0.017355108
1,1,F,55-64,<100K,0,0,0.006279499
1,1,M,55-64,<100K,0,0,0.002477373
1,1,F,45-54,>100K,0,0,0.002825928
1,1,F,55-64,>100K,0,0,0.000831427
1,1,M,55-64,>100K,0,0,0.001116137
1,1,F,55-64,<100K,0,0,0.005311162
1,1,F,55-64,>100K,0,0,0.000945106
1,1,F,55-64,>100K,0,0,0.002552609
1,1,M,55-64,>100K,0,0,0.002261222
1,1,F,55-64,<100K,0,0,0.007877539
1,1,F,55-64,<100K,0,0,0.000437785
1,1,F,55-64,<100K,0,0,0.008039599
1,1,M,55-64,<100K,0,0,0.000172831
0,1,M,55-64,>100K,0,0,0.016343732
1,1,M,55-64,>100K,0,0,0.001621348
0,1,F,55-64,<100K,0,0,0.001536675
1,1,M,55-64,<100K,0,0,0.003198251
1,1,F,Unknown,>100K,0,0,0.00163212
1,0,F,Unknown,>100K,0,0,0.002918081
1,1,F,55-64,>100K,0,0,0.004543513
1,1,M,45-54,>100K,0,0,0.000465883
1,0,M,55-64,>100K,0,0,0.001560623
1,0,F,55-64,<100K,0,0,0.001572955
1,1,M,55-64,<100K,0,0,0.001899786
1,1,F,55-64,<100K,0,0,0.007588456
1,1,F,55-64,<100K,0,0,0.001357306
1,1,F,55-64,>100K,0,0,0.002462502
1,1,M,55-64,<100K,0,0,0.000748612
1,1,F,55-64,>100K,0,0,0.00190654
1,1,M,55-64,<100K,0,0,0.000333289
1,0,M,55-64,>100K,0,0,0.274178571
1,1,M,55-64,>100K,0,0,0.006337479
1,1,F,55-64,<100K,0,0,0.001410757
1,1,M,55-64,>100K,0,0,0.002633738
0,1,F,55-64,<100K,0,0,0.00019905
1,0,M,55-64,<100K,0,0,0.002982096
1,1,F,55-64,>100K,0,0,6.66E-05
1,1,F,55-64,>100K,0,0,0.000733789
1,1,M,55-64,>100K,0,0,0.001580401
1,1,M,55-64,<100K,0,0,0.004027031
1,1,F,55-64,>100K,0,0,0.002978887
1,1,M,55-64,>100K,0,0,0.000576374
0,1,M,55-64,<100K,0,0,0.003556927
1,1,F,55-64,>100K,0,0,0.009220847
0,1,F,55-64,>100K,0,0,0.010416818
1,1,F,55-64,<100K,0,0,0.003338881
1,1,F,55-64,<100K,0,0,0.002830398
1,1,M,55-64,<100K,0,0,0.008209869
1,1,F,55-64,>100K,0,0,0.001566018
1,1,M,55-64,>100K,0,0,0.005359541
1,1,F,55-64,<100K,0,0,0.003776251
1,1,F,55-64,<100K,0,0,0.000787343
1,1,F,55-64,>100K,0,0,0.004016406
1,1,F,55-64,<100K,0,0,0.001383161
1,1,M,55-64,>100K,0,0,0.016666929
1,0,M,55-64,<100K,0,0,0.08915468
1,1,F,55-64,>100K,0,0,0.002084476
1,1,M,55-64,<100K,0,0,0.001517256
1,1,F,55-64,<100K,0,0,0.002008092
1,0,M,55-64,<100K,0,0,0.001983388
1,1,F,55-64,<100K,0,0,0.002858944
1,1,M,55-64,<100K,0,0,0.000529298
1,1,F,55-64,>100K,0,0,0.000919951
1,1,M,55-64,>100K,0,0,0.025412257
1,0,F,55-64,<100K,0,0,0.003402935
1,1,F,55-64,>100K,0,0,0.000730827
1,1,F,55-64,>100K,0,0,0.012687288
1,1,M,55-64,<100K,0,0,0.091137119
1,0,F,55-64,<100K,0,0,0.000157073
1,1,M,55-64,>100K,0,0,0.004659198
1,1,F,55-64,<100K,0,0,0.049455867
1,1,F,55-64,>100K,0,0,0.000261693
1,1,F,55-64,<100K,0,0,0.003398005
0,1,F,55-64,<100K,0,0,0.002076529
1,1,M,55-64,>100K,0,0,0.003930684
1,1,F,55-64,>100K,0,0,0.001644681
0,0,F,55-64,<100K,0,0,0.005687632
1,1,F,55-64,<100K,0,0,0.002428602
1,1,F,25-34,<100K,0,0,0.001142689
1,1,M,55-64,>100K,0,0,0.034600538
1,1,F,55-64,<100K,0,0,0.1278646
1,1,F,55-64,<100K,0,0,0.00263057
1,1,F,55-64,>100K,0,0,0.002256747
1,1,F,45-54,<100K,0,0,0.013942805
1,1,M,55-64,<100K,0,0,0.004694624
1,1,F,55-64,<100K,0,0,0.001964215
1,1,M,55-64,<100K,0,0,0.006752946
1,1,M,55-64,>100K,0,0,0.001227063
1,1,M,55-64,<100K,0,0,0.001353825
1,1,F,55-64,<100K,0,0,0.000791094
1,1,F,55-64,<100K,0,0,0.007660897
1,1,F,55-64,<100K,0,0,0.000806931
1,1,M,55-64,<100K,0,0,0.001216308
1,1,M,55-64,<100K,0,0,0.001481606
1,1,F,55-64,>100K,0,0,0.004474885
0,1,M,55-64,>100K,0,0,0.003406888
1,1,M,55-64,<100K,0,0,0.005375198
1,1,F,55-64,<100K,0,0,0.000429499
1,1,M,55-64,<100K,0,0,0.002509054
1,1,F,55-64,>100K,0,0,0.056971322
1,0,F,55-64,>100K,0,0,0.002646048
1,1,M,55-64,>100K,0,0,0.001585538
1,1,M,55-64,>100K,0,0,0.001326676
1,1,F,55-64,<100K,0,0,0.001256866
1,1,F,55-64,>100K,0,0,0.003260128
1,1,F,55-64,>100K,0,0,0.085241965
0,1,F,55-64,>100K,0,0,0.001962172
1,1,M,55-64,>100K,0,0,0.000701987
1,1,M,55-64,<100K,0,0,0.012273886
0,1,F,55-64,<100K,0,0,0.00735152
1,1,F,55-64,<100K,0,0,0.003208775
1,1,F,55-64,>100K,0,0,0.002290462
1,1,F,55-64,>100K,0,0,0.000250818
1,0,F,55-64,<100K,0,0,0.000536432
1,0,M,55-64,<100K,0,0,0.001206634
1,1,F,Unknown,>100K,0,0,0.001211033
1,1,F,55-64,>100K,0,0,0.003062048
1,1,F,Unknown,<100K,0,0,0.001852677
1,1,M,55-64,>100K,0,0,0.002345957
1,0,F,55-64,<100K,0,0,0.001896887
1,0,F,55-64,<100K,0,0,0.097539635
1,1,M,55-64,<100K,0,0,0.01309299
1,1,F,55-64,<100K,0,0,0.000463138
1,1,F,55-64,<100K,0,0,0.032471045
1,1,M,55-64,<100K,0,0,0.002577769
1,1,M,55-64,>100K,0,0,0.01930093
1,1,F,55-64,<100K,0,0,0.002034189
0,1,M,55-64,<100K,0,0,0.001322431
0,1,F,55-64,<100K,0,0,0.006719117
1,1,F,55-64,>100K,0,0,0.007936816
1,1,F,55-64,<100K,0,0,0.004356144
1,1,M,55-64,>100K,0,0,0.094274842
1,1,M,55-64,<100K,0,0,0.059115532
1,1,M,55-64,>100K,0,0,0.085544496
1,1,F,55-64,>100K,0,0,0.004037909
1,1,F,55-64,>100K,0,0,0.007214216
1,0,F,55-64,>100K,0,0,0.017147457
1,1,F,55-64,>100K,0,0,0.002380614
1,1,M,55-64,<100K,0,0,0.187035025
1,1,F,55-64,>100K,0,0,0.006463518
1,1,F,55-64,<100K,0,0,0.000447888
1,0,F,55-64,>100K,0,0,0.000209733
1,1,M,55-64,>100K,0,0,0.000154624
1,1,F,55-64,>100K,0,0,0.002068839
1,0,M,55-64,>100K,1,0,0.002423976
1,0,F,55-64,<100K,0,0,0.00216717
1,1,F,55-64,<100K,0,0,0.036686136
1,1,F,55-64,>100K,0,0,0.006700265
0,1,F,55-64,>100K,0,0,0.00168007
1,1,F,55-64,<100K,0,0,0.002921201
1,1,M,55-64,>100K,0,0,0.011009963
1,1,F,55-64,>100K,0,0,0.004971227
1,0,F,55-64,>100K,0,0,0.026029285
1,1,M,55-64,<100K,0,0,0.009004911
1,1,F,55-64,<100K,0,0,0.001866096
1,1,F,55-64,>100K,0,0,0.00038403
1,1,F,55-64,<100K,0,0,0.001387034
1,1,M,55-64,>100K,0,0,0.003106465
1,1,M,55-64,<100K,0,0,0.006047284
1,1,F,55-64,<100K,0,0,0.001865509
1,0,F,55-64,>100K,0,0,0.003696726
1,1,F,55-64,>100K,0,0,0.000976712
1,0,F,55-64,<100K,0,0,0.002158188
1,1,F,55-64,<100K,0,0,0.003279663
1,1,F,55-64,<100K,0,0,0.00017846
1,1,M,55-64,>100K,0,0,0.007370958
1,1,F,55-64,<100K,0,0,0.01650458
1,1,M,55-64,<100K,0,0,0.003760161
1,1,F,55-64,<100K,0,0,0.007651553
1,1,F,55-64,<100K,0,0,0.001149646
1,1,F,55-64,>100K,0,0,0.000217429
1,1,F,25-34,>100K,0,0,0.00136583
1,1,F,55-64,<100K,0,0,0.002439483
1,0,F,55-64,>100K,0,0,0.001438326
1,1,F,55-64,>100K,0,0,0.008900973
1,1,M,55-64,>100K,0,0,0.031604742
1,1,F,55-64,<100K,0,0,0.001824634
1,1,M,55-64,>100K,0,0,0.000149181
1,1,M,55-64,>100K,0,0,0.001200416
1,1,M,55-64,<100K,0,0,0.003347043
1,1,M,55-64,<100K,0,0,0.119663449
1,0,F,55-64,<100K,0,0,0.000443061
1,1,F,55-64,<100K,0,0,0.005867749
1,1,M,55-64,<100K,0,0,0.003751338
1,0,F,55-64,>100K,0,0,0.004200647
1,1,M,55-64,<100K,0,0,0.184931305
1,1,F,Unknown,<100K,0,0,0.001554817
1,1,F,55-64,<100K,0,0,0.001537831
1,1,M,55-64,<100K,0,0,0.041236374
1,1,F,55-64,>100K,0,0,0.002318475
1,1,M,45-54,>100K,0,0,0.001228314
1,0,M,Unknown,<100K,0,0,0.001664944
0,1,M,55-64,<100K,0,0,0.000802071
1,1,F,55-64,>100K,0,0,0.012004733
1,1,M,55-64,>100K,0,0,0.002814166
1,1,M,55-64,>100K,0,0,0.001348152
1,1,F,55-64,<100K,0,0,0.000525015
1,1,M,55-64,<100K,0,0,0.000397496
1,1,F,55-64,>100K,0,0,0.007598691
1,1,M,55-64,<100K,0,0,0.002900481
1,1,F,55-64,<100K,0,0,0.00147672
1,1,F,55-64,>100K,0,0,0.001874091
1,1,M,55-64,>100K,0,0,0.005516343
1,0,F,55-64,<100K,0,0,0.002129775
1,1,M,55-64,>100K,0,0,0.000831963
1,1,F,55-64,>100K,0,0,0.000678038
1,1,F,55-64,<100K,0,0,0.003405331
1,1,F,55-64,<100K,0,0,0.002225087
1,1,F,55-64,<100K,0,0,0.000493629
1,1,F,55-64,<100K,0,0,0.001371841
1,1,F,55-64,<100K,0,0,0.003589662
1,1,F,55-64,>100K,0,0,0.016797898
1,1,F,55-64,<100K,0,0,0.001123633
1,0,F,55-64,<100K,0,0,0.001337822
1,1,F,55-64,>100K,0,0,0.01187501
1,1,F,55-64,<100K,0,0,0.005823793
1,1,F,55-64,>100K,0,0,0.003262024
1,1,F,55-64,<100K,0,0,0.00375986
1,1,M,55-64,<100K,0,0,0.002763597
1,1,M,55-64,<100K,0,0,0.000835783
1,1,F,55-64,<100K,0,0,0.000749391
1,1,M,55-64,<100K,0,0,0.00712082
1,1,F,55-64,<100K,0,0,0.001600266
1,1,F,55-64,>100K,0,0,0.00017106
1,1,M,55-64,>100K,0,0,0.138719781
1,1,F,55-64,<100K,0,0,0.003587918
1,1,F,55-64,>100K,0,0,0.002249139
1,0,M,55-64,<100K,0,0,0.000607261
1,1,F,55-64,>100K,0,0,0.008933597
1,1,M,55-64,<100K,0,0,0.014779831
1,1,F,55-64,>100K,0,0,0.091902071
1,1,F,55-64,>100K,0,0,0.00223722
1,1,M,55-64,<100K,0,0,0.001508656
1,1,F,55-64,>100K,0,0,0.002008285
1,1,F,55-64,>100K,0,0,0.001032712
1,1,F,55-64,>100K,0,0,0.003638947
1,0,F,55-64,<100K,0,0,0.006591518
1,0,F,55-64,<100K,0,0,0.021135646
1,1,M,55-64,<100K,0,0,0.001828328
1,1,M,55-64,>100K,0,0,0.003645589
1,1,M,55-64,>100K,0,0,0.00156946
0,1,F,55-64,<100K,0,0,0.025181603
1,1,F,55-64,>100K,0,0,0.001477986
1,1,F,Unknown,<100K,0,0,0.000609053
1,1,F,55-64,>100K,0,0,0.003885734
1,1,M,55-64,>100K,0,0,0.031048235
1,1,F,55-64,<100K,0,0,0.001836008
1,1,M,55-64,>100K,0,0,0.000631424
1,1,F,55-64,>100K,0,0,0.000381321
1,1,F,55-64,<100K,0,0,0.003370871
1,1,F,55-64,<100K,0,0,0.014514147
0,1,F,55-64,>100K,0,0,0.005600226
1,1,M,55-64,>100K,0,0,0.003908559
1,1,F,55-64,>100K,0,0,0.00204867
1,0,F,55-64,>100K,0,0,0.001939668
1,1,F,55-64,>100K,0,0,0.008571054
1,1,F,55-64,<100K,0,0,0.000563779
1,1,F,55-64,<100K,0,0,0.002381328
1,1,F,55-64,>100K,0,0,0.024907793
1,1,F,55-64,<100K,0,0,0.000669624
0,1,F,55-64,<100K,0,0,0.00540361
1,1,F,55-64,<100K,0,0,0.002168581
1,0,F,55-64,<100K,0,0,0.125011021
1,1,M,55-64,>100K,0,0,0.002204368
1,1,F,55-64,<100K,0,0,0.004142394
1,1,F,55-64,>100K,0,0,0.001604319
1,1,F,55-64,>100K,0,0,0.004351175
1,0,M,55-64,<100K,0,0,0.000883821
1,1,F,55-64,>100K,0,0,0.000684082
1,1,M,55-64,<100K,0,0,0.000659582
1,1,F,55-64,>100K,0,0,0.001429185
1,1,M,55-64,<100K,0,0,0.007342515
1,0,F,55-64,>100K,0,0,0.001851632
1,0,F,55-64,<100K,0,0,0.000279956
1,1,M,55-64,<100K,0,0,0.000977104
1,0,F,55-64,<100K,0,0,0.001415044
1,1,F,55-64,>100K,0,0,0.00434062
1,1,M,55-64,<100K,0,0,0.001527315
1,1,F,55-64,<100K,0,0,0.001345807
0,1,F,Unknown,<100K,0,0,0.003699042
1,1,F,55-64,>100K,0,0,0.000304633
1,1,M,55-64,<100K,0,0,0.028477609
1,0,F,55-64,<100K,0,0,0.002368713
1,0,M,55-64,<100K,0,0,0.011294927
1,1,F,55-64,<100K,0,0,0.001695038
1,1,F,55-64,>100K,0,0,0.013306483
1,1,F,55-64,<100K,0,0,0.069513501
1,1,F,55-64,<100K,0,0,0.065263275
1,1,M,55-64,<100K,0,0,0.036382286
1,1,F,55-64,>100K,0,0,0.001767355
1,0,M,55-64,>100K,0,0,0.002128158
1,1,F,Unknown,<100K,0,0,0.001270452
1,1,M,55-64,>100K,0,0,0.00055371
0,1,F,55-64,>100K,0,0,0.00049037
1,1,F,55-64,<100K,0,0,0.004965671
1,1,M,55-64,>100K,0,0,0.001947634
1,1,F,55-64,>100K,0,0,0.00368297
1,1,F,55-64,<100K,0,0,0.001573248
1,0,F,55-64,>100K,0,0,0.007818946
0,1,M,55-64,>100K,0,0,0.00085615
1,1,F,55-64,<100K,0,0,0.004276942
1,1,M,55-64,<100K,0,0,0.002516062
1,1,M,55-64,<100K,0,0,0.002125753
1,1,M,55-64,<100K,0,0,0.001514229
1,1,M,55-64,<100K,0,0,0.037033883
1,1,M,Unknown,>100K,0,0,0.020562668
1,1,F,55-64,<100K,0,0,0.000577781
1,1,M,55-64,<100K,0,0,0.005112872
1,0,M,55-64,<100K,0,0,0.003490996
1,1,M,55-64,>100K,0,0,0.004101589
1,1,M,55-64,>100K,0,0,0.002799128
1,1,M,55-64,>100K,0,0,0.020652802
1,1,F,55-64,<100K,0,0,0.002807511
1,0,M,55-64,<100K,0,0,0.00160238
1,1,M,55-64,<100K,0,0,0.005738064
1,1,M,55-64,>100K,0,0,0.002006761
1,1,F,55-64,>100K,0,0,0.003364122
1,0,F,55-64,<100K,0,0,0.000294227
1,1,M,55-64,<100K,0,0,0.001482289
1,1,F,55-64,<100K,0,0,0.000807698
1,1,M,55-64,<100K,0,0,0.056119505
1,0,M,55-64,<100K,0,0,0.01211707
1,0,F,55-64,<100K,0,0,0.125482279
1,1,M,55-64,<100K,0,0,0.000473077
1,1,M,55-64,>100K,0,0,0.000792629
1,0,M,55-64,<100K,0,0,0.000549247
1,1,F,55-64,<100K,0,0,0.00885853
1,1,M,55-64,<100K,0,0,0.003228554
1,1,F,55-64,<100K,0,0,0.000716249
1,1,M,55-64,>100K,0,0,0.000462239
1,1,M,55-64,<100K,0,0,0.005131509
1,1,F,55-64,>100K,0,0,0.001828838
1,1,M,55-64,>100K,0,0,0.011308694
1,0,M,55-64,<100K,0,0,0.004223879
1,1,F,55-64,>100K,0,0,0.013077044
1,1,F,55-64,<100K,0,0,0.001427187
1,1,F,55-64,<100K,0,0,0.001206959
1,1,M,55-64,<100K,0,0,0.00394447
1,1,F,Unknown,>100K,0,0,0.004727953
0,1,M,55-64,>100K,0,0,0.004543853
1,1,F,55-64,<100K,0,0,0.001810995
0,1,F,55-64,<100K,0,0,0.002760318
0,1,F,55-64,>100K,0,0,0.001719958
1,1,F,55-64,<100K,0,0,0.003887749
1,1,F,55-64,<100K,0,0,0.002147746
1,1,M,55-64,>100K,0,0,0.003407424
1,1,F,55-64,>100K,0,0,0.014532411
1,1,F,55-64,>100K,0,0,0.003711349
1,1,M,55-64,<100K,0,0,0.012172434
1,0,M,55-64,>100K,0,0,0.001470347
1,0,F,55-64,<100K,0,0,0.027846454
1,0,F,55-64,<100K,0,0,0.003322536
1,1,M,55-64,<100K,0,0,0.000576902
1,1,F,55-64,>100K,0,0,0.001920752
1,1,F,55-64,<100K,0,0,0.003166351
1,1,F,55-64,>100K,0,0,0.002832351
1,1,F,55-64,>100K,0,0,0.001649977
1,1,M,55-64,>100K,0,0,0.001699602
1,1,F,55-64,>100K,0,0,0.014204733
1,1,F,45-54,<100K,0,0,0.034125325
1,1,M,55-64,>100K,0,0,0.000512581
1,1,M,55-64,<100K,0,0,0.001782399
1,1,F,55-64,>100K,0,0,0.001355296
1,0,M,55-64,>100K,0,0,0.012659587
1,1,F,55-64,>100K,0,0,0.002261916
1,1,F,55-64,<100K,0,0,0.000250298
1,1,F,55-64,>100K,0,0,0.073750119
1,1,F,55-64,<100K,0,0,0.005207078
1,1,F,55-64,<100K,0,0,0.001532811
1,1,M,55-64,<100K,0,0,0.00343382
1,1,F,55-64,>100K,0,0,0.000750604
1,1,F,55-64,>100K,0,0,0.002417162
1,1,M,55-64,>100K,0,0,0.006807345
1,0,F,55-64,<100K,0,0,0.002753282
1,1,M,55-64,>100K,0,0,0.000249908
1,0,M,55-64,<100K,0,0,0.001468596
1,1,M,Unknown,<100K,0,0,0.000347688
1,1,F,55-64,>100K,0,0,0.004091038
1,1,F,55-64,<100K,0,0,0.065162446
1,1,F,55-64,>100K,0,0,0.000636422
1,0,F,55-64,>100K,0,0,0.020635176
1,1,F,55-64,>100K,0,0,0.000577929
1,0,F,55-64,>100K,0,0,0.002239387
1,1,M,55-64,<100K,0,0,0.001680397
1,1,F,55-64,<100K,0,0,0.001519964
1,1,M,55-64,>100K,0,0,0.002827052
1,1,M,55-64,<100K,0,0,0.005690067
1,0,F,55-64,<100K,0,0,0.00191299
1,1,F,55-64,>100K,0,0,0.00027841
1,1,M,55-64,>100K,0,0,0.000908462
1,1,M,55-64,<100K,0,0,0.080200935
1,1,M,55-64,>100K,0,0,0.001526166
1,0,F,55-64,>100K,0,0,0.003566386
1,0,F,55-64,<100K,0,0,0.001008354
1,1,M,55-64,<100K,0,0,0.006961504
1,1,M,55-64,<100K,0,0,0.008912686
1,1,M,55-64,>100K,0,0,0.001772992
1,1,F,55-64,<100K,0,0,0.021634643
1,1,M,55-64,>100K,0,0,0.001629063
1,1,M,55-64,>100K,0,0,0.001636125
1,0,F,55-64,<100K,0,0,0.00081303
1,1,F,55-64,>100K,0,0,0.008458527
1,1,M,55-64,>100K,0,0,0.002254522
1,1,F,55-64,>100K,0,0,0.053739037
1,1,F,55-64,>100K,0,0,0.044077186
1,1,F,55-64,<100K,0,0,0.001463663
1,1,M,55-64,<100K,0,0,0.000277846
1,1,M,55-64,>100K,0,0,0.001167483
1,1,M,55-64,<100K,0,0,0.001095318
1,1,M,55-64,>100K,0,0,0.004087989
1,1,M,45-54,>100K,0,0,0.018744757
1,1,F,55-64,>100K,0,0,0.001682835
1,1,F,55-64,>100K,0,0,0.00293706
1,1,M,55-64,<100K,0,0,0.00404938
1,1,F,55-64,>100K,0,0,0.001694636
0,1,F,45-54,<100K,0,0,0.001442928
1,1,M,55-64,>100K,0,0,0.002224974
1,1,M,55-64,>100K,0,0,0.004703876
1,1,M,55-64,>100K,0,0,0.001623335
1,1,M,45-54,>100K,0,0,0.000791187
1,1,F,55-64,<100K,0,0,0.002746008
1,0,F,55-64,<100K,0,0,0.004242925
1,1,F,55-64,<100K,0,0,0.000624944
1,1,F,55-64,>100K,0,0,0.009675538
1,1,F,55-64,<100K,0,0,0.017592349
1,1,F,55-64,<100K,0,0,0.159161642
1,1,M,55-64,>100K,0,0,0.001617308
1,1,M,55-64,>100K,0,0,0.18264079
1,1,F,55-64,>100K,0,0,0.024759775
1,1,F,55-64,>100K,0,0,0.001673115
1,1,M,55-64,>100K,0,0,0.005402994
1,1,F,55-64,<100K,0,0,0.001793337
1,0,F,55-64,<100K,0,0,0.001335678
1,0,F,55-64,<100K,0,0,0.005516006
1,1,M,55-64,>100K,0,0,0.027080251
0,1,F,55-64,>100K,0,0,0.000505803
1,1,M,55-64,>100K,0,0,0.001448619
1,1,F,55-64,<100K,0,0,0.003919312
1,1,F,55-64,>100K,0,0,0.025568804
1,1,F,55-64,>100K,0,0,0.031777226
1,1,F,55-64,<100K,0,0,0.003144521
1,1,F,55-64,<100K,0,0,0.001544055
1,1,M,55-64,>100K,0,0,0.006205838
1,1,F,55-64,<100K,0,0,0.004432875
1,1,F,55-64,>100K,0,0,0.000429353
1,1,F,55-64,>100K,0,0,0.002767442
1,1,M,18-24,>100K,0,0,0.001288838
1,1,M,55-64,>100K,0,0,0.002000545
1,1,F,45-54,>100K,0,0,0.002775386
1,1,F,55-64,>100K,0,0,0.000547688
1,1,M,55-64,<100K,0,0,0.005800115
1,0,F,55-64,>100K,0,0,0.002979078
1,1,F,55-64,<100K,0,0,0.001416954
1,0,F,55-64,<100K,0,0,0.009164203
1,0,F,55-64,>100K,0,0,0.352105142
1,0,F,55-64,>100K,0,0,0.007029165
1,0,F,55-64,>100K,0,0,0.000683704
1,0,M,55-64,>100K,0,0,0.001724014
1,1,M,55-64,<100K,0,0,0.008161182
1,1,F,55-64,<100K,0,0,0.009797406
1,1,F,55-64,>100K,0,0,0.008518534
1,1,F,55-64,<100K,0,0,0.001721899
1,1,M,55-64,<100K,0,0,0.027425966
1,1,F,55-64,>100K,0,0,0.002034107
1,1,M,55-64,<100K,0,0,0.001907391
1,0,F,55-64,>100K,0,0,0.002413335
1,1,F,55-64,>100K,0,0,0.001883106
1,1,M,55-64,<100K,0,0,0.001797235
1,1,M,55-64,<100K,0,0,0.00372288
1,1,M,55-64,>100K,0,0,0.001846259
1,1,M,55-64,<100K,0,0,0.000275314
1,1,F,55-64,<100K,0,0,0.002836624
1,1,M,55-64,<100K,0,0,0.004387355
1,1,F,55-64,>100K,0,0,0.001301877
1,1,F,55-64,<100K,0,0,0.006007247
1,1,M,55-64,<100K,0,0,0.010473666
1,1,F,55-64,<100K,0,0,0.00151315
1,1,M,55-64,>100K,0,0,0.001358667
1,1,M,55-64,<100K,0,0,0.007976213
1,0,F,55-64,<100K,0,0,0.008976394
1,1,F,55-64,>100K,0,0,0.002523791
1,1,F,55-64,>100K,0,0,0.005137329
1,1,M,55-64,>100K,0,0,0.001180024
1,1,F,55-64,>100K,0,0,0.003191193
1,1,M,55-64,>100K,0,0,0.004755288
1,0,F,55-64,>100K,0,0,0.001598966
1,1,F,55-64,>100K,0,0,0.001480915
1,1,M,55-64,>100K,0,0,0.001948312
1,1,F,55-64,>100K,0,0,0.000528868
1,1,M,55-64,<100K,0,0,0.004400164
1,1,F,55-64,>100K,0,0,0.000469574
1,1,F,55-64,<100K,0,0,0.008319297
1,1,F,55-64,<100K,0,0,0.00062513
0,1,F,45-54,<100K,0,0,0.000612105
1,1,F,55-64,>100K,0,0,0.002238426
1,1,F,Unknown,<100K,0,0,0.001572105
1,0,F,55-64,>100K,0,0,0.000593899
1,1,M,55-64,<100K,0,0,0.007522526
1,1,F,55-64,>100K,0,0,0.002990561
1,0,F,55-64,<100K,0,0,0.000213226
1,1,M,55-64,>100K,0,0,0.002258789
1,1,F,55-64,<100K,0,0,0.010999116
1,1,F,25-34,>100K,0,0,0.125102481
1,0,F,55-64,<100K,0,0,0.098958441
1,1,M,Unknown,>100K,0,0,0.087472293
1,0,F,55-64,<100K,0,0,0.00177464
1,1,F,55-64,<100K,0,0,0.042241637
1,0,F,55-64,>100K,0,0,0.00358178
1,1,F,55-64,>100K,0,0,0.006926341
1,0,M,55-64,>100K,0,0,0.005086489
1,1,M,55-64,>100K,0,0,0.00711605
1,1,M,55-64,<100K,0,0,0.000301365
1,1,M,55-64,>100K,0,0,0.003057811
0,1,M,55-64,<100K,0,0,0.001128662
1,1,M,55-64,>100K,0,0,0.006778434
1,1,F,25-34,>100K,0,0,0.032068939
1,1,M,55-64,<100K,0,0,0.026162867
1,1,M,55-64,<100K,0,0,0.001955732
1,1,F,55-64,<100K,0,0,0.008498115
1,1,M,55-64,<100K,0,0,0.002530954
1,1,M,55-64,<100K,0,0,0.002998043
1,0,M,55-64,<100K,0,0,0.023365301
1,1,F,55-64,<100K,0,0,0.000539652
1,1,M,55-64,>100K,0,0,0.002304803
1,0,M,55-64,<100K,0,0,0.019967592
1,1,M,55-64,>100K,0,0,0.001532963
1,1,F,55-64,>100K,0,0,0.003540799
1,1,F,55-64,>100K,0,0,0.002228079
1,1,F,55-64,>100K,0,0,0.028941951
1,1,M,55-64,<100K,0,0,0.043479412
1,1,M,55-64,<100K,0,0,0.002162513
1,1,F,55-64,>100K,0,0,0.00085113
1,1,M,55-64,<100K,0,0,0.001988944
1,1,M,55-64,>100K,0,0,0.001910067
1,1,F,55-64,>100K,0,0,0.000725919
1,1,F,55-64,<100K,0,0,0.003515742
1,1,F,55-64,>100K,0,0,0.000675516
0,1,F,55-64,>100K,0,0,0.002765368
1,0,F,55-64,<100K,0,0,0.001088334
1,1,M,Unknown,<100K,0,0,0.001199431
1,0,M,55-64,<100K,0,0,0.000277323
1,0,M,55-64,<100K,0,0,0.002347605
1,1,F,55-64,<100K,0,0,0.00092091
1,1,M,55-64,>100K,0,0,0.001595964
1,1,M,55-64,<100K,0,0,0.003060888
1,1,M,55-64,<100K,0,0,0.00199692
1,1,F,55-64,>100K,0,0,0.001670612
1,0,F,25-34,>100K,0,0,0.004562711
1,0,F,55-64,<100K,0,0,0.001307556
0,0,F,55-64,<100K,0,0,0.001737214
1,0,F,55-64,<100K,0,0,0.002506066
1,1,F,55-64,>100K,0,0,0.001504841
1,1,F,55-64,<100K,0,0,0.00134705
1,1,F,55-64,<100K,0,0,0.000366013
1,1,F,55-64,<100K,0,0,0.000517342
1,1,M,55-64,<100K,0,0,0.00241227
1,1,F,55-64,>100K,0,0,0.00748404
0,1,M,55-64,<100K,0,0,0.000282104
1,1,M,55-64,<100K,0,0,0.041257965
1,1,M,55-64,>100K,0,0,0.10651069
1,1,F,55-64,>100K,0,0,0.002494672
1,1,F,55-64,>100K,0,0,0.000626619
1,1,F,55-64,>100K,0,0,0.012030449
1,1,M,55-64,>100K,0,0,0.008414324
1,1,F,55-64,<100K,0,0,0.003393837
1,1,F,55-64,<100K,0,0,0.002577608
1,1,M,55-64,>100K,0,0,0.006157
1,1,F,55-64,<100K,0,0,0.000849383
1,1,F,55-64,<100K,0,0,0.001448625
1,1,M,55-64,<100K,0,0,0.005456441
1,1,F,55-64,<100K,0,0,0.000710568
1,1,F,55-64,<100K,0,0,0.000701759
1,1,F,55-64,>100K,0,0,0.000665344
1,1,F,55-64,>100K,0,0,0.002572636
1,1,F,55-64,<100K,0,0,0.000795515
1,1,F,55-64,<100K,0,0,0.000946428
1,1,F,45-54,>100K,0,0,0.001221108
1,1,F,55-64,>100K,0,0,0.001264646
1,0,F,55-64,<100K,0,0,0.005353335
1,1,F,55-64,<100K,0,0,0.011178891
1,1,F,55-64,>100K,0,0,0.002767693
1,1,M,55-64,>100K,0,0,0.019355231
1,1,F,55-64,<100K,0,0,0.000317211
1,1,M,Unknown,<100K,0,0,0.001762709
1,1,F,55-64,<100K,0,0,0.00201689
1,1,M,55-64,>100K,0,0,0.001194538
1,1,F,55-64,<100K,0,0,0.003366173
1,1,M,55-64,<100K,0,0,0.001383761
1,1,M,55-64,>100K,0,0,0.001357287
1,1,M,55-64,>100K,0,0,0.003988817
1,1,F,55-64,<100K,0,0,0.057308454
1,1,M,55-64,<100K,0,0,0.008041991
1,1,M,55-64,>100K,0,0,0.001687257
0,1,M,55-64,>100K,0,0,0.001141882
1,0,F,55-64,<100K,0,0,0.003936984
1,1,M,55-64,<100K,0,0,0.005224433
0,1,F,55-64,<100K,0,0,0.00120047
1,1,F,55-64,>100K,0,0,0.001793189
1,1,M,55-64,>100K,0,0,0.002304431
1,1,F,55-64,>100K,0,0,0.001730283
1,1,M,55-64,<100K,0,0,0.003767334
1,1,M,55-64,>100K,0,0,0.001561944
1,1,F,55-64,<100K,0,0,0.009022148
1,1,M,55-64,<100K,0,0,0.001266796
1,1,F,Unknown,>100K,0,0,0.001591013
0,1,M,55-64,>100K,0,0,0.022343398
1,1,F,55-64,>100K,0,0,0.006267372
1,0,F,45-54,>100K,0,0,0.000410354
1,1,F,55-64,<100K,0,0,0.006242651
1,1,F,55-64,>100K,0,0,0.00455681
1,1,M,55-64,<100K,0,0,0.003592022
1,1,M,55-64,<100K,0,0,0.002076694
1,1,M,55-64,<100K,0,0,0.000602904
1,1,F,55-64,>100K,0,0,0.001135701
1,1,F,55-64,>100K,0,0,0.021686366
1,1,M,55-64,>100K,0,0,0.002989632
1,1,F,55-64,<100K,0,0,0.006741721
1,1,M,55-64,>100K,0,0,0.008779534
1,1,F,55-64,>100K,0,0,0.001181021
1,1,F,55-64,>100K,0,0,0.008928291
1,1,F,55-64,<100K,0,0,0.002074226
1,1,M,55-64,>100K,0,0,0.004993275
1,1,F,55-64,<100K,0,0,0.003671127
1,1,M,55-64,>100K,0,0,0.001529781
1,1,M,55-64,<100K,0,0,0.002073717
1,1,F,55-64,>100K,0,0,0.116233753
1,0,F,55-64,<100K,0,0,0.002606162
1,1,F,55-64,<100K,0,0,0.000709252
1,1,F,55-64,>100K,0,0,0.005640921
1,1,M,55-64,>100K,0,0,0.000577823
1,1,M,45-54,<100K,0,0,0.004208546
1,1,M,55-64,<100K,0,0,0.001730069
1,1,F,55-64,<100K,0,0,0.001561851
1,1,F,55-64,>100K,0,0,0.002676659
1,1,F,55-64,<100K,0,0,0.001128502
1,1,F,55-64,>100K,0,0,0.029939501
1,1,M,55-64,<100K,0,0,0.007543619
0,1,F,55-64,>100K,0,0,0.001823287
1,1,F,55-64,>100K,0,0,0.073765353
1,1,M,55-64,<100K,0,0,0.001057001
1,1,F,55-64,>100K,0,0,0.004608963
0,0,M,55-64,>100K,0,0,0.006270674
1,1,F,55-64,<100K,0,0,0.001030342
1,1,M,55-64,<100K,0,0,0.00145111
1,1,M,55-64,>100K,0,0,0.004410334
0,1,F,55-64,>100K,0,0,0.001145489
1,1,F,55-64,>100K,0,0,0.009310281
1,1,M,Unknown,>100K,0,0,0.002161574
1,1,F,55-64,<100K,0,0,0.019602742
1,1,F,55-64,<100K,0,0,0.002019102
1,0,F,55-64,<100K,0,0,0.001845368
1,1,F,55-64,<100K,0,0,0.001022891
1,1,F,55-64,>100K,0,0,0.001323139
1,1,F,55-64,>100K,0,0,0.00111025
1,1,F,55-64,>100K,0,0,0.037443017
1,1,F,55-64,<100K,0,0,0.002349208
1,1,F,55-64,>100K,0,0,0.022148852
1,1,M,55-64,>100K,0,0,0.001090197
1,1,F,55-64,<100K,0,0,0.0031304
1,0,F,55-64,<100K,0,0,0.002456263
1,1,F,55-64,>100K,0,0,0.003776016
1,1,F,55-64,<100K,0,0,0.004505496
1,1,F,55-64,<100K,0,0,0.015800321
1,1,M,55-64,>100K,0,0,0.001613023
1,1,F,55-64,>100K,0,0,0.00058104
1,1,F,55-64,<100K,0,0,0.002340583
1,1,M,55-64,>100K,0,0,0.006968834
1,1,F,55-64,>100K,0,0,0.008942222
1,1,F,55-64,>100K,0,0,0.002154489
1,1,F,55-64,>100K,0,0,0.005284415
1,1,F,55-64,>100K,0,0,0.002569548
1,1,F,55-64,>100K,0,0,0.001471003
1,1,M,55-64,>100K,0,0,0.005686462
1,1,M,55-64,<100K,0,0,0.000449615
1,1,M,55-64,<100K,0,0,0.001948705
1,1,M,55-64,>100K,0,0,0.001300493
1,1,F,55-64,<100K,0,0,0.002480749
1,1,M,Unknown,<100K,0,0,0.0016998
1,1,F,55-64,>100K,0,0,0.000851782
1,1,F,55-64,>100K,0,0,0.086935589
1,0,F,55-64,<100K,0,0,0.000421683
1,1,F,55-64,>100K,0,0,0.001331969
1,1,F,55-64,<100K,0,0,0.001555986
0,1,F,55-64,<100K,0,0,0.000512615
1,1,F,55-64,<100K,0,0,0.013664311
1,1,M,55-64,<100K,0,0,0.000652945
1,1,M,55-64,>100K,0,0,0.000207691
1,1,F,55-64,>100K,0,0,0.028033138
1,1,F,55-64,>100K,0,0,0.03229882
1,1,M,55-64,<100K,0,0,0.002067987
1,1,F,55-64,<100K,0,0,0.001650708
1,1,F,55-64,<100K,0,0,0.004068267
1,1,F,55-64,>100K,0,0,0.001050282
1,1,F,55-64,>100K,0,0,0.013392656
1,0,M,55-64,>100K,0,0,0.00478963
1,0,F,55-64,>100K,0,0,0.002401764
1,1,F,55-64,>100K,0,0,0.001552279
1,1,F,55-64,>100K,0,0,0.007890308
0,1,F,55-64,<100K,0,0,0.002412761
1,1,M,55-64,>100K,0,0,0.001415281
1,1,F,55-64,<100K,0,0,0.004894461
1,1,F,25-34,<100K,0,0,0.000985494
1,1,F,55-64,<100K,0,0,0.002715239
1,1,M,55-64,<100K,0,0,0.036466798
1,1,M,55-64,<100K,0,0,0.005282137
1,1,M,55-64,<100K,0,0,0.001758531
1,1,F,55-64,>100K,0,0,0.000620173
1,1,M,55-64,<100K,0,0,0.002520224
1,1,F,55-64,<100K,0,0,0.001821396
1,0,M,55-64,>100K,0,0,0.000473863
1,1,M,55-64,>100K,0,0,0.001970221
1,0,M,55-64,<100K,1,0,0.006593739
1,0,F,55-64,<100K,0,0,0.005439238
1,1,M,55-64,<100K,0,0,0.001502715
1,1,M,55-64,>100K,0,0,0.004252507
1,0,F,55-64,<100K,0,0,0.003157976
1,1,F,55-64,>100K,0,0,0.00057073
1,1,M,55-64,>100K,0,0,0.003361556
1,1,F,55-64,<100K,0,0,0.060495101
1,1,F,55-64,<100K,0,0,0.001454083
1,1,F,55-64,>100K,0,0,0.004562974
1,1,M,55-64,<100K,0,0,0.004665956
1,1,M,55-64,>100K,0,0,0.002717619
1,1,M,55-64,>100K,0,0,0.003969249
1,0,F,45-54,>100K,0,0,0.002282137
1,0,F,55-64,<100K,0,0,0.089875678
1,1,F,55-64,<100K,0,0,0.002068635
1,1,M,55-64,>100K,0,0,0.001451569
1,1,F,55-64,<100K,0,0,0.001291066
1,1,F,55-64,<100K,0,0,0.005164401
0,0,M,55-64,<100K,0,0,0.006064448
1,1,F,55-64,>100K,0,0,0.000448258
1,1,M,55-64,<100K,0,0,0.048389106
1,1,F,55-64,>100K,0,0,0.007615897
1,1,F,55-64,<100K,0,0,0.091511377
1,1,F,55-64,>100K,0,0,0.002203922
1,1,F,55-64,<100K,0,0,0.001518556
1,1,M,55-64,<100K,0,0,0.002782849
1,1,F,55-64,>100K,0,0,0.002338408
1,1,F,55-64,<100K,0,0,0.002036079
1,1,F,55-64,>100K,0,0,0.001429242
1,1,M,55-64,>100K,0,0,0.001719039
1,1,M,55-64,>100K,0,0,0.000625609
0,1,F,55-64,<100K,0,0,0.003235139
1,1,M,55-64,>100K,0,0,0.004359853
1,0,M,55-64,>100K,0,0,0.003097153
1,1,M,55-64,>100K,0,0,0.002393057
1,1,M,55-64,<100K,0,0,0.002240789
1,1,F,55-64,>100K,0,0,0.029844844
1,1,F,55-64,>100K,0,0,0.000809898
1,0,F,55-64,>100K,0,0,0.003300537
1,1,M,55-64,>100K,0,0,0.001641058
1,1,F,55-64,<100K,0,0,0.000739106
1,1,F,55-64,<100K,0,0,0.000925363
1,1,F,25-34,<100K,0,0,0.009090357
1,1,F,55-64,<100K,0,0,0.041019348
1,1,F,55-64,>100K,0,0,0.002136072
1,1,F,55-64,<100K,0,0,0.001657857
1,1,F,55-64,<100K,0,0,0.000576357
1,1,F,55-64,>100K,0,0,0.003601903
1,1,M,55-64,>100K,0,0,0.002443426
1,1,F,55-64,>100K,0,0,0.001415515
1,1,M,55-64,>100K,0,0,0.006479658
1,1,F,55-64,>100K,0,0,0.020782137
1,1,F,55-64,>100K,0,0,0.00329202
1,1,F,55-64,>100K,0,0,0.030534251
1,0,M,55-64,<100K,0,0,0.003197921
1,1,M,55-64,>100K,0,0,0.00193723
1,1,M,55-64,>100K,0,0,0.001047687
1,1,M,55-64,<100K,0,0,0.037960235
1,1,F,55-64,<100K,0,0,0.002607668
1,1,F,55-64,>100K,0,0,0.001705657
1,0,F,55-64,<100K,0,0,0.00058583
1,0,F,55-64,<100K,0,0,0.049418959
1,1,M,55-64,<100K,0,0,0.001350492
1,1,M,Unknown,<100K,0,0,0.030282813
1,1,F,55-64,>100K,0,0,0.005492314
1,1,F,55-64,>100K,0,0,0.003041606
1,1,M,55-64,>100K,0,0,0.004003504
1,1,F,55-64,>100K,0,0,0.001371178
1,1,F,55-64,>100K,0,0,0.001740963
1,1,F,25-34,<100K,0,0,0.001426667
1,1,M,55-64,>100K,0,0,0.000602594
1,1,F,55-64,<100K,0,0,0.003036306
1,1,F,55-64,>100K,0,0,0.002165379
1,1,F,55-64,>100K,0,0,0.004859187
1,1,M,55-64,>100K,0,0,0.004278952
1,1,M,55-64,<100K,0,0,0.0019879
1,1,F,55-64,<100K,0,0,0.006677721
1,1,M,55-64,<100K,0,0,0.001883483
1,1,F,55-64,<100K,0,0,0.010685204
1,1,F,55-64,<100K,0,0,0.001240997
0,0,F,55-64,<100K,0,0,0.001575777
1,1,M,55-64,<100K,0,0,0.005011683
1,1,F,55-64,>100K,0,0,0.002835102
1,1,F,55-64,<100K,0,0,0.009595132
1,1,F,55-64,>100K,0,0,0.001870359
1,1,F,55-64,<100K,0,0,0.00043953
1,1,M,55-64,<100K,0,0,0.001803938
1,1,F,55-64,<100K,0,0,0.002686625
1,1,F,55-64,<100K,0,0,0.003739183
1,1,F,55-64,<100K,0,0,0.044920426
1,1,F,55-64,>100K,0,0,0.001554614
1,1,F,55-64,<100K,0,0,0.00122124
1,1,F,55-64,<100K,0,0,0.0025052
1,1,F,55-64,<100K,0,0,0.000932457
1,0,F,55-64,>100K,0,0,0.001275604
1,1,M,55-64,>100K,0,0,0.003451122
1,1,F,55-64,<100K,0,0,0.001521972
1,1,F,55-64,<100K,0,0,0.001757678
1,1,F,55-64,>100K,0,0,0.016842923
1,1,F,55-64,>100K,0,0,0.000420441
1,1,F,55-64,>100K,0,0,0.000553312
1,1,M,55-64,>100K,0,0,0.002295129
1,1,F,55-64,>100K,0,0,0.045969375
1,0,M,45-54,<100K,0,0,0.001916086
0,0,F,55-64,<100K,0,0,0.00194905
1,1,F,55-64,>100K,0,0,0.001784786
1,1,F,55-64,<100K,0,0,0.003890838
1,1,M,55-64,>100K,1,1,0.664570354
1,1,M,55-64,<100K,0,0,0.004182209
1,1,F,55-64,>100K,0,0,0.002247968
0,0,F,55-64,<100K,0,0,0.000609584
1,1,F,55-64,<100K,0,0,0.001460707
1,1,F,55-64,>100K,0,0,0.001216355
1,1,M,55-64,<100K,0,0,0.002903308
1,1,M,55-64,>100K,0,0,0.030628001
1,0,F,55-64,<100K,0,0,0.000520884
1,1,M,55-64,<100K,0,0,0.003041406
1,1,F,55-64,>100K,0,0,0.004018237
1,1,F,55-64,<100K,0,0,0.011434255
1,0,F,55-64,>100K,0,0,0.00326021
1,1,F,55-64,<100K,0,0,0.009340043
1,1,F,55-64,<100K,0,0,0.000934591
1,1,F,55-64,>100K,0,0,0.017554791
1,1,F,55-64,<100K,0,0,0.000318218
1,1,F,55-64,<100K,0,0,0.003059833
1,1,F,55-64,<100K,0,0,0.003476779
1,1,M,55-64,>100K,0,0,0.006883925
1,1,F,55-64,<100K,0,0,0.006346848
1,1,F,55-64,>100K,0,0,0.001796809
1,1,F,55-64,>100K,0,0,0.004076871
1,1,F,55-64,<100K,0,0,0.002746944
1,1,F,55-64,>100K,0,0,0.001810539
1,0,F,55-64,>100K,0,0,0.002018876
1,1,M,55-64,>100K,0,0,0.002634597
1,1,F,55-64,<100K,0,0,0.003851801
1,1,M,55-64,<100K,0,0,0.001984484
1,0,M,Unknown,<100K,0,0,0.004634355
1,0,F,55-64,<100K,0,0,0.010938478
1,1,F,55-64,>100K,0,0,0.001326557
1,1,F,55-64,>100K,0,0,0.001627007
1,1,M,55-64,<100K,0,0,0.002835015
1,1,M,55-64,>100K,0,0,0.001162261
1,1,F,55-64,>100K,0,0,0.108738684
1,1,F,55-64,>100K,0,0,0.008826748
1,1,F,55-64,>100K,0,0,0.002270901
1,1,F,55-64,<100K,0,0,0.001564418
1,0,F,55-64,<100K,0,0,0.067428961
1,1,F,55-64,<100K,0,0,0.000704892
1,1,F,55-64,>100K,0,0,0.001826588
0,1,F,55-64,>100K,0,0,0.013000524
1,1,M,55-64,>100K,0,0,0.000865245
1,1,M,55-64,<100K,0,0,0.000265343
1,1,F,55-64,<100K,0,0,0.000444345
1,1,M,55-64,<100K,0,0,0.001550438
1,1,M,55-64,>100K,0,0,0.001880308
1,1,F,55-64,>100K,0,0,0.003863682
1,1,F,55-64,>100K,0,0,0.00231326
1,1,F,55-64,<100K,0,0,0.004125927
1,1,F,55-64,>100K,0,0,0.001608276
1,1,M,55-64,>100K,0,0,0.027334779
1,1,M,55-64,>100K,0,0,0.008820887
1,0,F,55-64,>100K,0,0,0.002004173
1,1,M,55-64,<100K,0,0,0.002025193
1,1,M,55-64,<100K,0,0,0.00165713
1,1,F,55-64,>100K,0,0,0.002056897
1,1,M,55-64,<100K,0,0,0.002777652
1,0,M,55-64,<100K,0,0,0.000153395
1,0,F,55-64,>100K,0,0,0.163227082
1,1,M,55-64,>100K,0,0,0.001686145
0,1,M,55-64,<100K,0,0,0.002077182
1,1,M,55-64,<100K,0,0,0.002334817
1,0,F,55-64,>100K,0,0,0.008723286
1,1,F,55-64,>100K,0,0,0.002742806
1,1,F,55-64,<100K,0,0,0.000351552
1,1,F,55-64,<100K,0,0,0.015758864
1,1,F,55-64,>100K,0,0,0.000243521
1,1,F,55-64,<100K,0,0,0.001494041
1,1,F,55-64,>100K,0,0,0.001780699
1,1,F,55-64,<100K,0,0,0.002799306
1,1,F,55-64,<100K,0,0,0.001535392
1,1,M,Unknown,<100K,0,0,0.001128203
1,1,M,55-64,>100K,0,0,0.00077419
1,1,F,Unknown,>100K,0,0,0.001590113
1,1,F,55-64,>100K,0,0,0.002396427
1,1,M,55-64,<100K,0,0,0.041473914
1,1,M,55-64,>100K,0,0,0.001858558
1,1,M,55-64,<100K,0,0,0.051277456
1,1,M,55-64,<100K,0,0,0.001507808
1,1,F,55-64,>100K,0,0,0.002572788
1,1,F,55-64,>100K,0,0,0.001071952
1,0,F,55-64,>100K,0,0,0.036957127
1,1,F,25-34,<100K,0,0,0.001134468
1,1,F,55-64,<100K,0,0,0.003420899
1,1,M,55-64,>100K,0,0,0.001850129
1,1,M,55-64,<100K,0,0,0.016073819
1,1,F,45-54,<100K,0,0,0.001860346
1,1,F,55-64,>100K,0,0,0.003738979
1,1,F,Unknown,>100K,0,0,0.00658268
1,0,F,55-64,>100K,0,0,0.107061317
1,1,F,55-64,<100K,0,0,0.003325351
1,1,F,55-64,>100K,0,0,0.002068692
1,1,F,55-64,>100K,0,0,0.021987014
1,1,F,55-64,>100K,0,0,0.000396954
1,0,F,55-64,>100K,0,0,0.146210189
1,0,M,55-64,>100K,0,0,0.00405404
1,1,F,55-64,<100K,0,0,0.001509129
1,1,M,55-64,>100K,0,0,0.019022597
1,1,F,55-64,<100K,0,0,0.000785025
0,1,F,55-64,<100K,0,0,0.001740937
1,1,F,55-64,<100K,0,0,0.006314668
1,1,M,55-64,>100K,0,0,0.010261535
1,0,M,55-64,>100K,0,0,0.006262073
1,1,F,55-64,<100K,0,0,0.041146473
1,1,F,55-64,>100K,0,0,0.004699102
1,1,F,55-64,<100K,0,0,0.114249961
0,1,F,55-64,<100K,0,0,0.083093118
1,1,F,55-64,>100K,0,0,0.000720245
0,1,F,55-64,>100K,0,0,0.00102921
1,1,M,55-64,<100K,0,0,0.002816292
1,1,F,55-64,>100K,0,0,0.002355687
1,1,M,55-64,<100K,0,0,0.001104164
1,0,F,55-64,<100K,0,0,0.001845935
0,1,M,Unknown,>100K,0,0,0.000765129
1,1,M,55-64,<100K,0,0,0.001144835
1,1,F,55-64,<100K,0,0,0.002279687
1,0,F,55-64,>100K,0,0,0.003328159
1,1,M,55-64,<100K,0,0,0.054029823
1,0,F,55-64,<100K,0,0,0.007584868
0,1,M,55-64,<100K,0,0,0.002445936
1,1,M,55-64,>100K,0,0,0.001738947
1,1,F,55-64,>100K,0,0,0.001172063
1,1,F,55-64,>100K,0,0,0.002551824
1,1,F,55-64,>100K,0,0,0.001106196
1,1,F,55-64,<100K,0,0,0.002352662
1,1,M,55-64,<100K,0,0,0.015040343
1,1,M,55-64,<100K,0,0,0.00131613
1,1,F,55-64,<100K,0,0,0.041117095
1,1,M,55-64,<100K,0,0,0.004349279
1,0,M,55-64,<100K,0,0,0.001714811
1,1,F,55-64,<100K,0,0,0.001367343
1,1,F,55-64,<100K,0,0,0.002099035
1,1,M,55-64,>100K,0,0,0.007322969
1,1,M,55-64,<100K,0,0,0.001705552
1,1,F,55-64,<100K,0,0,0.003282519
1,1,F,55-64,>100K,0,0,0.001889875
1,1,F,55-64,<100K,0,0,0.002718824
1,1,M,55-64,<100K,0,0,0.000540609
1,1,F,55-64,<100K,0,0,0.000828411
1,1,F,55-64,<100K,0,0,0.006282986
1,1,F,55-64,>100K,0,0,0.001603175
1,1,F,55-64,>100K,0,0,0.003140728
1,1,M,55-64,<100K,0,0,0.001674469
1,1,F,55-64,<100K,0,0,0.002148359
1,0,F,55-64,<100K,0,0,0.001379923
1,1,M,55-64,<100K,0,0,0.00196883
1,1,F,55-64,>100K,0,0,0.003342406
1,1,F,55-64,>100K,0,0,0.001359547
1,0,F,55-64,>100K,0,0,0.001187197
1,1,F,55-64,<100K,0,0,0.002740438
1,1,M,55-64,<100K,0,0,0.001252956
1,1,M,25-34,<100K,0,0,0.001625932
1,1,M,55-64,>100K,0,0,0.056533018
1,1,F,55-64,>100K,0,0,0.02134523
1,1,F,55-64,<100K,0,0,0.004352164
1,0,F,55-64,<100K,0,0,0.006368453
1,1,M,55-64,<100K,0,0,0.002246152
1,1,F,55-64,<100K,0,0,0.001540279
1,1,M,55-64,<100K,0,0,0.001320026
1,1,F,55-64,<100K,0,0,0.000340862
1,0,M,55-64,>100K,0,0,0.00829881
1,1,M,55-64,<100K,0,0,0.045123185
1,1,F,55-64,<100K,0,0,0.000624584
1,1,F,55-64,>100K,0,0,0.00021032
1,0,F,55-64,>100K,0,0,0.000590092
1,1,F,55-64,>100K,0,0,0.003970437
1,1,F,55-64,>100K,0,0,0.002185223
0,1,F,55-64,>100K,0,0,0.001702392
1,1,F,55-64,<100K,0,0,0.000359424
1,1,F,55-64,<100K,0,0,0.000697478
1,1,F,55-64,>100K,0,0,0.001402407
1,1,F,55-64,<100K,0,0,0.00068228
1,1,F,55-64,<100K,0,0,0.030557001
1,1,F,55-64,>100K,0,0,0.000841561
0,1,F,55-64,>100K,0,0,0.021208373
1,1,M,Unknown,<100K,0,0,0.001560063
1,1,M,55-64,>100K,0,0,0.001284647
0,1,F,55-64,>100K,0,0,0.001120029
1,0,M,55-64,>100K,0,0,0.000177592
1,1,F,55-64,<100K,0,0,0.000382396
1,1,F,55-64,>100K,0,0,0.00149793
1,1,F,55-64,>100K,0,0,0.044991441
1,1,F,55-64,>100K,0,0,0.15532778
1,1,M,55-64,<100K,0,0,0.000147394
1,1,M,55-64,>100K,0,0,0.002225428
1,1,F,55-64,<100K,0,0,0.029299654
1,1,F,55-64,>100K,0,0,0.003147215
1,1,F,55-64,>100K,0,0,0.001635149
1,1,F,55-64,<100K,0,0,0.003283727
1,0,M,55-64,<100K,0,0,0.000686764
1,1,F,55-64,>100K,0,0,0.008891637
1,1,F,55-64,<100K,0,0,0.011282699
1,1,F,25-34,>100K,0,0,0.001783946
1,1,M,45-54,>100K,0,0,9.43E-05
0,1,M,18-24,<100K,0,0,0.000845095
1,1,F,Unknown,>100K,0,0,0.000336317
1,1,F,55-64,<100K,0,0,0.001499178
1,1,M,55-64,>100K,0,0,0.001026977
1,0,M,55-64,>100K,0,0,0.007774404
1,1,M,55-64,<100K,0,0,0.004581055
0,1,F,Unknown,<100K,0,0,0.00548051
1,1,M,Unknown,<100K,0,0,0.002500439
1,1,F,55-64,>100K,0,0,0.002782514
1,1,M,55-64,<100K,0,0,0.073178837
1,1,F,55-64,>100K,0,0,0.000440012
1,0,M,55-64,>100K,0,0,0.002287564
1,1,F,55-64,<100K,0,0,0.007574153
1,1,M,55-64,>100K,0,0,0.066397083
1,1,F,55-64,>100K,0,0,0.001247654
1,1,F,55-64,>100K,0,0,0.013409995
1,0,M,55-64,<100K,0,0,0.002176638
1,1,M,55-64,>100K,0,0,0.007598591
1,0,F,55-64,>100K,0,0,0.010425018
1,1,M,55-64,<100K,0,0,0.001869498
1,1,F,55-64,>100K,0,0,0.01198297
1,1,F,55-64,<100K,0,0,0.001667119
1,1,F,55-64,>100K,0,0,0.001681018
1,1,F,55-64,>100K,0,0,0.000952686
1,1,M,25-34,<100K,0,0,0.001738975
1,1,F,55-64,>100K,0,0,0.001754064
1,1,M,55-64,>100K,0,0,0.001415049
1,1,M,55-64,<100K,0,0,0.019867906
1,1,F,55-64,<100K,0,0,0.002745123
1,1,M,55-64,<100K,0,0,0.002529203
1,1,M,55-64,>100K,0,0,0.002327347
1,1,F,55-64,<100K,0,0,0.004078001
1,1,M,55-64,<100K,0,0,0.006652406
1,1,F,55-64,>100K,0,0,0.007749215
1,1,F,55-64,<100K,0,0,0.006247624
1,1,F,55-64,>100K,0,0,0.000214973
0,1,F,55-64,>100K,0,0,0.000570018
1,1,M,55-64,>100K,0,0,0.003680358
1,0,F,55-64,>100K,0,0,0.092769484
1,1,F,55-64,>100K,0,0,0.024498141
1,1,F,55-64,>100K,0,0,0.020035419
1,1,F,55-64,>100K,0,0,0.001161959
1,1,F,55-64,<100K,0,0,0.001527444
1,1,F,55-64,>100K,0,0,0.001566976
1,1,M,55-64,<100K,0,0,0.000669361
1,1,M,55-64,<100K,0,0,0.211119301
1,1,M,55-64,<100K,0,0,0.001583586
1,1,F,55-64,>100K,0,0,0.000664422
1,1,F,25-34,<100K,0,0,0.023301811
1,1,F,55-64,>100K,0,0,0.004569234
1,1,F,55-64,>100K,0,0,0.001498914
1,1,F,55-64,>100K,0,0,0.003154664
1,1,F,55-64,<100K,0,0,0.007213007
0,1,F,55-64,>100K,0,0,0.000880055
1,1,M,55-64,>100K,0,0,0.001818758
1,0,F,55-64,>100K,0,0,0.001112292
1,0,F,55-64,>100K,0,0,0.001490719
1,1,M,55-64,<100K,0,0,0.005909723
1,1,F,55-64,>100K,0,0,0.047655747
1,1,M,45-54,>100K,0,0,0.019602007
0,1,F,55-64,>100K,0,0,0.141413426
1,1,F,55-64,<100K,0,0,0.002164297
1,1,M,55-64,>100K,0,0,0.001134693
1,1,F,55-64,<100K,0,0,0.004970161
1,1,F,55-64,<100K,0,0,0.004825129
1,1,M,55-64,<100K,0,0,0.000583936
1,1,F,55-64,<100K,0,0,0.00137796
1,1,F,55-64,<100K,0,0,0.010966432
1,1,M,55-64,>100K,0,0,0.003103485
1,1,F,55-64,<100K,0,0,0.001718315
1,1,F,55-64,<100K,0,0,0.001281033
1,1,F,55-64,<100K,0,0,0.002761962
1,1,M,55-64,<100K,0,0,0.001802736
1,1,M,55-64,>100K,0,0,0.001062362
1,1,M,55-64,<100K,0,0,0.005876784
1,1,M,55-64,<100K,0,0,0.000672466
1,1,F,55-64,>100K,0,0,0.00304426
1,1,F,55-64,>100K,0,0,0.001716946
1,1,M,55-64,>100K,0,0,0.001159827
1,1,F,55-64,>100K,0,0,0.080361248
1,1,M,55-64,<100K,0,0,0.172877892
1,1,F,55-64,>100K,0,0,0.001396636
1,1,F,55-64,>100K,0,0,0.001634217
1,1,M,55-64,>100K,0,0,0.002245344
1,1,F,55-64,<100K,0,0,0.0007872
1,1,M,55-64,<100K,0,0,0.001369384
1,1,F,55-64,>100K,0,0,0.000772522
1,1,F,55-64,<100K,0,0,0.002399134
1,1,F,55-64,>100K,0,0,0.001743974
1,1,F,55-64,<100K,0,0,0.015158566
1,1,M,55-64,>100K,0,0,0.000507179
1,1,F,55-64,>100K,0,0,0.000270305
1,1,F,Unknown,<100K,0,0,4.11E-05
1,1,F,55-64,<100K,0,0,0.001957064
1,1,M,55-64,>100K,0,0,0.0036562
1,1,F,55-64,>100K,0,0,0.001712405
1,1,M,Unknown,<100K,0,0,0.001552252
1,1,M,55-64,<100K,0,0,0.001504893
1,1,M,55-64,<100K,0,0,0.005071202
1,1,F,55-64,<100K,0,0,0.000136776
1,1,M,55-64,<100K,0,0,0.002258691
1,1,F,55-64,<100K,0,0,0.001562985
1,1,F,55-64,>100K,0,0,0.006135345
0,1,M,55-64,>100K,0,0,0.001241502
1,1,M,55-64,<100K,0,0,0.002210218
1,1,F,Unknown,>100K,0,0,0.001716009
1,1,M,55-64,>100K,0,0,0.000559049
1,1,F,55-64,>100K,0,0,0.00183648
1,1,F,55-64,>100K,0,0,0.001352988
1,1,F,55-64,<100K,0,0,0.006319254
1,1,F,55-64,>100K,0,0,0.00173949
1,1,F,55-64,>100K,0,0,0.001578124
1,1,M,55-64,>100K,0,0,0.006209134
1,1,F,55-64,<100K,0,0,0.001915119
1,1,F,55-64,>100K,0,0,0.001752792
1,0,F,55-64,>100K,0,0,0.001146326
1,1,F,55-64,>100K,0,0,0.002449583
1,1,F,55-64,>100K,0,0,0.002306673
1,1,M,55-64,>100K,0,0,0.005439831
1,1,F,55-64,<100K,0,0,0.002857605
1,1,F,55-64,<100K,0,0,0.002767715
1,1,M,55-64,<100K,0,0,0.000933054
0,1,F,55-64,>100K,0,0,0.001496429
1,1,M,55-64,<100K,0,0,0.27153512
1,1,F,55-64,>100K,0,0,0.008068468
1,0,M,55-64,>100K,0,0,0.001637014
1,1,F,55-64,>100K,0,0,0.001269715
1,1,M,55-64,<100K,0,0,0.002959424
1,1,F,55-64,<100K,0,0,0.002986836
1,1,F,55-64,>100K,0,0,0.003640468
1,0,M,55-64,>100K,0,0,0.003015506
1,1,F,55-64,>100K,0,0,0.003121267
1,1,F,55-64,>100K,1,0,0.003529598
1,1,F,55-64,>100K,0,0,0.005310441
1,1,F,55-64,<100K,0,0,0.003235414
1,1,F,55-64,>100K,0,0,0.00156336
1,1,F,55-64,<100K,0,0,0.001426865
1,1,F,55-64,<100K,0,0,0.005600798
1,1,F,55-64,<100K,0,0,0.117923581
1,1,F,55-64,>100K,0,0,0.044803975
1,1,F,55-64,>100K,0,0,0.106112042
1,1,F,55-64,<100K,0,0,0.001724846
1,1,M,55-64,<100K,0,0,0.014541467
1,1,M,55-64,<100K,0,0,0.141592993
1,1,F,55-64,<100K,0,0,0.001950746
1,1,M,55-64,>100K,0,0,0.00194454
1,1,M,55-64,<100K,0,0,0.002415959
1,1,F,55-64,>100K,0,0,0.000355424
1,1,F,55-64,<100K,0,0,0.000851319
1,1,F,55-64,<100K,0,0,0.00064013
1,1,F,55-64,>100K,0,0,0.005739185
1,1,F,55-64,>100K,0,0,0.001568048
1,1,M,55-64,>100K,0,0,0.00247575
1,1,F,55-64,>100K,0,0,0.001809227
1,1,F,55-64,<100K,0,0,0.19523368
1,0,F,55-64,<100K,0,0,0.006923085
1,1,M,55-64,<100K,0,0,0.002184697
1,1,F,55-64,>100K,0,0,0.108574273
1,1,F,55-64,>100K,0,0,0.000180471
1,1,F,55-64,<100K,0,0,0.001911297
1,0,M,55-64,>100K,0,0,0.001246188
1,1,F,55-64,<100K,0,0,0.040433969
1,1,M,55-64,<100K,0,0,0.001637788
1,1,F,55-64,<100K,0,0,0.001369634
1,1,F,55-64,>100K,0,0,0.014041966
1,1,F,55-64,<100K,0,0,0.001352393
1,1,M,55-64,>100K,0,0,0.021042866
1,1,F,55-64,<100K,0,0,0.049327566
1,1,M,55-64,>100K,0,0,0.006452301
1,1,M,55-64,>100K,0,0,0.003352927
1,1,F,55-64,>100K,0,0,0.090679931
1,1,M,55-64,<100K,0,0,0.080310116
1,1,F,55-64,<100K,0,0,0.037908188
1,1,F,45-54,<100K,0,0,0.009543148
1,1,F,55-64,<100K,0,0,0.001498011
1,1,F,55-64,<100K,0,0,0.029238732
1,1,F,Unknown,>100K,0,0,0.021214489
1,1,M,55-64,>100K,0,0,0.007383273
1,0,M,55-64,<100K,0,0,0.008565329
1,1,M,55-64,<100K,0,0,0.00219297
1,1,M,55-64,<100K,0,0,0.001143686
0,1,M,55-64,>100K,0,0,0.157560023
1,1,F,55-64,>100K,0,0,0.00237643
1,1,F,55-64,<100K,0,0,0.00165857
1,0,F,55-64,<100K,1,0,0.003187703
1,1,F,55-64,<100K,0,0,0.002528234
1,1,F,55-64,<100K,0,0,0.006784713
0,1,M,55-64,<100K,0,0,0.001560158
1,1,F,55-64,>100K,0,0,0.005115468
1,0,M,55-64,<100K,0,0,0.000909561
1,0,F,55-64,>100K,0,0,0.00143113
1,0,M,45-54,>100K,0,0,0.160481912
1,1,F,55-64,>100K,0,0,0.001018781
1,1,M,55-64,<100K,0,0,0.00913558
1,1,M,55-64,<100K,0,0,0.001669209
1,1,F,55-64,>100K,0,0,0.000410159
1,1,F,55-64,<100K,0,0,0.000542154
1,1,M,55-64,>100K,0,0,0.000292535
0,1,F,55-64,>100K,0,0,0.028904604
1,1,F,55-64,>100K,0,0,0.007526976
1,1,F,Unknown,>100K,0,0,0.003735664
1,1,F,55-64,>100K,0,0,0.001725629
1,1,F,55-64,<100K,0,0,0.023045413
1,1,F,55-64,<100K,0,0,0.000903379
1,1,M,55-64,<100K,0,0,0.000636174
1,1,M,55-64,>100K,0,0,0.002037008
1,1,F,55-64,>100K,0,0,0.00810678
1,0,M,55-64,>100K,0,0,0.025893244
1,1,F,55-64,>100K,0,0,0.001310336
1,1,F,55-64,>100K,0,0,0.001433217
1,0,M,55-64,>100K,0,0,0.00072194
1,1,F,55-64,<100K,0,0,0.000724572
1,1,F,55-64,<100K,0,0,0.000633846
1,1,F,55-64,<100K,0,0,0.007009138
1,1,F,55-64,<100K,0,0,0.001885196
1,1,F,55-64,<100K,0,0,0.00209251
1,1,F,55-64,>100K,0,0,0.002051154
1,1,F,55-64,>100K,0,0,0.002277102
1,1,F,55-64,<100K,0,0,0.001565735
1,1,M,55-64,>100K,0,0,0.010597804
1,1,M,55-64,>100K,0,0,0.00142099
1,1,M,55-64,<100K,0,0,0.00217989
1,1,F,55-64,<100K,0,0,0.001498918
1,1,M,55-64,<100K,0,0,0.001282722
1,1,F,55-64,>100K,0,0,0.00166454
1,1,F,55-64,<100K,0,0,0.002676956
1,1,M,55-64,<100K,0,0,0.00062756
1,1,M,55-64,<100K,0,0,0.000628396
0,1,F,55-64,<100K,0,0,0.006931945
1,0,F,55-64,>100K,0,0,0.002295404
1,1,M,55-64,>100K,0,0,0.001968682
1,1,M,55-64,<100K,0,0,0.001800802
1,1,F,55-64,>100K,0,0,0.001449661
1,1,F,55-64,<100K,0,0,0.000331088
1,1,F,55-64,>100K,0,0,0.000924985
1,1,F,55-64,>100K,0,0,0.001754398
1,1,M,55-64,<100K,0,0,0.002003617
1,1,M,55-64,>100K,0,0,0.002478834
0,1,F,55-64,>100K,0,0,0.00149986
1,1,F,55-64,>100K,0,0,0.001726211
1,1,F,55-64,<100K,0,0,0.01092365
1,1,F,55-64,<100K,0,0,0.004200418
1,0,F,55-64,<100K,0,0,0.004168074
1,1,F,55-64,>100K,0,0,0.001608681
1,0,M,55-64,>100K,0,0,0.196308801
1,1,F,55-64,>100K,0,0,0.068826251
1,0,M,55-64,<100K,0,0,0.00271036
1,1,F,55-64,>100K,0,0,0.00287553
1,0,M,55-64,<100K,0,0,0.004983699
1,1,F,55-64,>100K,0,0,0.002567495
1,1,M,55-64,<100K,0,0,0.002051612
1,1,F,55-64,<100K,0,0,0.000299272
1,1,F,55-64,>100K,0,0,0.000289395
1,1,F,55-64,>100K,0,0,0.001815369
1,1,M,55-64,<100K,0,0,0.002170061
1,0,M,55-64,<100K,0,0,0.000445268
1,0,F,55-64,<100K,0,0,0.000594517
1,1,F,55-64,<100K,0,0,0.00171716
1,1,F,55-64,>100K,0,0,0.00333597
1,0,F,55-64,<100K,0,0,0.005013353
1,1,M,55-64,>100K,0,0,0.006024758
1,1,F,55-64,>100K,0,0,0.006166939
1,1,F,55-64,>100K,0,0,0.001853678
1,0,F,55-64,>100K,0,0,0.001326339
1,1,M,55-64,>100K,0,0,0.000470566
1,0,F,55-64,<100K,0,0,0.009689795
1,1,F,55-64,>100K,0,0,0.004580326
1,1,F,55-64,<100K,0,0,0.001099781
1,1,F,55-64,>100K,0,0,0.004933284
1,1,F,55-64,>100K,0,0,0.001598308
1,1,M,55-64,>100K,0,0,0.004032522
1,1,F,55-64,>100K,0,0,0.001742632
1,1,M,55-64,<100K,0,0,0.012160485
1,1,F,55-64,>100K,0,0,0.005654663
1,1,M,55-64,>100K,0,0,0.004092673
1,1,M,Unknown,<100K,0,0,0.001931595
1,1,F,55-64,>100K,0,0,0.002098451
1,1,M,55-64,<100K,0,0,0.001094889
1,1,M,55-64,>100K,0,0,0.001234995
1,1,F,25-34,<100K,0,0,0.001285816
1,1,F,55-64,>100K,0,0,0.000373908
1,1,M,55-64,>100K,0,0,0.004986527
1,1,F,55-64,>100K,0,0,0.006893608
1,1,F,55-64,>100K,0,0,0.002448609
1,1,F,55-64,>100K,0,0,0.000281149
1,1,M,55-64,>100K,0,0,0.00142672
1,1,M,55-64,<100K,0,0,0.002965442
1,1,F,55-64,<100K,0,0,0.071886864
1,0,F,55-64,>100K,0,0,0.000338957
1,1,M,55-64,<100K,0,0,0.001600333
0,1,F,55-64,>100K,0,0,0.001273403
1,1,M,55-64,>100K,0,0,0.000256305
1,1,F,55-64,>100K,0,0,0.001575886
0,1,F,55-64,<100K,0,0,0.001928231
1,1,M,55-64,>100K,0,0,0.099379287
1,1,F,55-64,>100K,0,0,0.007823788
1,1,M,55-64,<100K,0,0,0.003138285
1,1,M,55-64,<100K,0,0,0.000575044
1,1,F,55-64,<100K,0,0,0.056747545
1,1,M,25-34,>100K,0,0,0.029247309
1,1,M,55-64,>100K,0,0,0.002864789
0,1,F,55-64,<100K,0,0,0.024775473
1,1,F,55-64,>100K,0,0,0.00077924
1,1,F,55-64,>100K,0,0,0.0016638
1,1,F,55-64,>100K,0,0,0.000526886
0,1,F,55-64,>100K,0,0,0.002073672
1,0,F,55-64,<100K,0,0,0.000243
1,1,M,55-64,>100K,0,0,0.003111312
1,1,F,Unknown,<100K,0,0,0.005022196
1,1,M,Unknown,>100K,0,0,0.00278405
1,1,F,55-64,<100K,0,0,0.047598726
1,1,M,45-54,>100K,0,0,0.012271158
1,1,F,55-64,<100K,0,0,0.002387981
1,1,M,55-64,>100K,0,0,0.029232497
1,1,F,55-64,>100K,0,0,0.001739285
1,1,F,55-64,<100K,0,0,0.002146802