,college_educated,homeowner,gender,age,income,true_conversion,predicted_conversion,predicted_probability
0,1,1,F,55-64,<100K,0,0,0.002119553
1,1,1,F,55-64,>100K,0,0,0.001710017
2,1,1,F,55-64,<100K,0,0,0.008420312
3,1,1,F,55-64,>100K,0,0,0.004487964
4,1,1,F,55-64,<100K,0,0,0.001873955
5,1,0,F,55-64,>100K,0,0,0.002874473
6,1,1,F,55-64,<100K,0,0,0.041594755
7,1,0,F,55-64,>100K,0,0,0.001184124
8,0,1,F,55-64,<100K,0,0,0.003318457
9,1,0,F,55-64,<100K,0,0,0.004917807
10,1,1,F,55-64,<100K,0,0,0.001962135
11,1,1,F,55-64,<100K,0,0,0.012810283
12,1,1,F,55-64,<100K,0,0,0.002882936
13,1,0,F,55-64,>100K,0,0,0.002300766
14,1,0,F,55-64,>100K,0,0,0.001838291
15,1,1,F,55-64,>100K,0,0,0.00094827
16,1,1,M,55-64,>100K,0,0,0.001291813
17,1,0,M,55-64,<100K,0,0,0.006006148
18,1,1,F,55-64,<100K,0,0,0.052366048
19,1,1,F,55-64,>100K,0,0,0.006540742
20,1,1,F,55-64,<100K,0,0,0.001313448
21,1,1,F,55-64,<100K,0,0,0.00157392
22,1,0,M,55-64,>100K,0,0,0.004106085
24,0,1,F,55-64,<100K,0,0,0.005290446
25,1,0,F,25-34,<100K,0,0,0.002851625
27,1,0,F,55-64,>100K,0,0,0.080226626
28,1,1,M,55-64,<100K,0,0,0.003222444
29,0,1,M,55-64,>100K,0,0,0.002037286
30,1,1,M,55-64,>100K,0,0,0.002892884
31,1,1,M,45-54,>100K,0,0,0.000949122
32,1,1,F,55-64,>100K,0,0,0.007093764
33,1,1,F,55-64,>100K,0,0,0.00518284
34,1,1,F,55-64,<100K,0,0,0.009755692
35,1,0,F,55-64,<100K,0,0,0.001409272
37,1,1,M,55-64,>100K,0,0,0.001210458
38,1,1,F,55-64,>100K,0,0,0.005856055
40,1,1,F,55-64,>100K,0,0,0.003729246
41,1,1,F,55-64,>100K,0,0,0.001745695
42,1,1,F,55-64,>100K,0,0,0.035425818
43,1,1,M,55-64,>100K,0,0,0.004906793
44,1,1,M,55-64,<100K,0,0,0.002104306
45,1,1,F,55-64,>100K,0,0,0.002764551
46,1,1,F,25-34,>100K,0,0,0.0029025
48,1,0,F,55-64,<100K,0,0,0.00388046
49,1,0,F,55-64,>100K,0,0,0.011612031
50,1,1,M,55-64,<100K,0,0,0.001583295
51,1,1,F,55-64,>100K,0,0,0.003392011
52,1,1,F,55-64,>100K,0,0,0.006028025
53,1,1,M,55-64,>100K,0,0,0.01655927
54,1,1,F,55-64,>100K,0,0,0.001452131
56,1,1,M,55-64,<100K,0,0,0.00191635
57,1,1,F,55-64,>100K,0,0,0.00148902
58,1,1,M,55-64,>100K,0,0,0.002237761
59,1,1,F,55-64,>100K,0,0,0.001384064
60,1,1,M,55-64,<100K,0,0,0.086119244
61,1,1,M,55-64,>100K,0,0,0.001532751
62,1,1,F,55-64,>100K,0,0,0.080383317
63,1,1,F,55-64,<100K,0,0,0.001560432
64,1,1,F,55-64,<100K,0,0,0.002517282
65,1,0,F,55-64,<100K,0,0,0.009285543
66,1,1,F,55-64,<100K,0,0,0.003508756
67,1,0,F,55-64,>100K,0,0,0.000444692
68,1,1,F,55-64,<100K,0,0,0.001732597
69,1,1,M,55-64,>100K,0,0,0.001124942
70,1,1,M,55-64,<100K,0,0,0.000354667
71,1,1,F,55-64,>100K,0,0,0.002603414
72,1,1,F,55-64,>100K,0,0,0.002293524
73,1,1,M,55-64,<100K,0,0,0.169330741
74,1,1,F,55-64,>100K,0,0,0.004856195
75,1,0,F,55-64,>100K,0,0,0.003022443
76,1,1,F,55-64,>100K,0,0,0.025724332
77,1,1,F,55-64,>100K,0,0,0.000360872
79,1,1,F,55-64,>100K,0,0,0.001460745
80,1,1,F,55-64,>100K,0,0,0.001275441
81,1,0,F,45-54,>100K,0,0,0.001816006
82,1,0,F,55-64,>100K,0,0,0.013329044
83,1,1,F,55-64,>100K,0,0,0.010762232
84,1,1,M,55-64,>100K,0,0,0.002890864
85,1,1,M,55-64,>100K,0,0,0.00117152
86,1,0,F,55-64,>100K,0,0,0.00278398
87,1,1,F,55-64,>100K,0,0,0.003735518
88,1,1,F,55-64,<100K,0,0,0.00581768
89,1,0,M,55-64,<100K,0,0,0.002744643
90,1,0,F,55-64,>100K,0,0,0.002484697
91,1,0,F,55-64,<100K,0,0,0.00268626
92,1,1,M,55-64,>100K,0,0,0.001012019
93,1,1,F,55-64,<100K,0,0,0.003089735
94,1,1,F,55-64,>100K,0,0,0.002553925
95,1,1,M,55-64,>100K,0,0,0.07449062
96,1,0,F,55-64,>100K,0,0,0.011992647
97,1,1,F,55-64,>100K,0,0,0.001682126
98,1,1,M,55-64,>100K,0,0,0.001376443
99,1,1,F,55-64,>100K,0,0,0.119810947
100,1,1,M,55-64,>100K,0,0,0.029876707
101,1,1,F,55-64,<100K,0,0,0.001749213
102,1,0,F,55-64,<100K,0,0,9.83e-05
103,1,1,F,55-64,<100K,0,0,0.051904102
104,1,1,F,55-64,>100K,0,0,0.001495854
105,1,1,M,55-64,<100K,0,0,0.000676096
106,1,1,M,55-64,<100K,0,0,0.001493664
107,1,1,F,25-34,>100K,0,0,0.000834031
108,1,1,F,55-64,>100K,0,0,0.003794089
109,1,1,M,55-64,>100K,0,0,0.046276363
110,1,0,F,55-64,>100K,0,0,0.002859667
111,1,0,M,55-64,<100K,0,0,0.023991491
112,1,1,F,55-64,>100K,0,0,0.000711231
113,1,1,F,55-64,<100K,0,0,0.001497994
114,1,1,F,55-64,<100K,0,0,0.00027305
115,1,1,M,55-64,<100K,0,0,0.002566688
116,1,1,F,55-64,>100K,0,0,0.002039168
117,1,1,M,55-64,>100K,0,0,0.001937905
118,0,1,F,55-64,>100K,0,0,0.001125538
119,1,0,F,55-64,>100K,0,0,0.002688866
120,1,1,M,55-64,>100K,0,0,0.004797174
121,1,1,M,55-64,<100K,0,0,0.029643358
122,1,1,F,55-64,>100K,0,0,0.002836715
123,1,0,F,55-64,<100K,0,0,0.003487434
124,1,1,F,55-64,>100K,0,0,0.000194753
125,1,0,F,55-64,<100K,0,0,0.0014355
126,1,1,M,55-64,<100K,0,0,0.000995051
127,1,1,F,55-64,<100K,0,0,0.000805598
128,1,1,M,55-64,>100K,0,0,0.005002362
130,1,1,F,55-64,>100K,0,0,0.023402485
131,1,1,F,55-64,<100K,0,0,0.00285617
132,1,1,M,55-64,<100K,0,0,0.000292488
133,1,1,M,55-64,>100K,0,0,0.004393849
134,1,1,F,55-64,<100K,0,0,0.001279926
135,1,1,F,55-64,>100K,0,0,0.000577941
136,1,1,M,55-64,>100K,0,0,0.001017584
137,1,1,F,55-64,<100K,0,0,0.000278997
138,1,1,F,55-64,<100K,0,0,0.002171724
139,1,1,F,55-64,<100K,0,0,0.009297378
140,1,0,F,25-34,>100K,0,0,0.001686357
141,1,1,F,55-64,>100K,0,0,0.002715182
142,1,1,F,55-64,<100K,0,0,0.001924499
143,1,1,F,55-64,<100K,0,0,0.002371187
144,1,0,M,55-64,<100K,0,0,0.001793461
145,1,1,M,55-64,<100K,0,0,0.00171581
146,1,0,F,55-64,<100K,0,0,0.083290615
147,0,1,M,55-64,<100K,0,0,0.000869398
148,1,1,M,55-64,<100K,0,0,0.001370142
149,0,0,F,55-64,<100K,0,0,0.004054341
150,1,1,F,55-64,>100K,0,0,0.008095349
151,1,1,F,55-64,<100K,0,0,0.003158652
152,1,0,F,55-64,<100K,0,0,0.015291837
153,1,1,M,55-64,<100K,0,0,0.00223062
155,1,0,M,55-64,<100K,0,0,0.001742751
156,1,1,F,55-64,<100K,0,0,0.001246167
157,1,1,M,55-64,>100K,0,0,0.00162732
158,0,1,F,55-64,>100K,0,0,0.002823009
159,1,1,F,55-64,>100K,0,0,0.000444383
160,1,1,F,55-64,<100K,0,0,0.001191993
161,1,1,F,55-64,<100K,0,0,0.002256853
162,1,1,M,55-64,>100K,0,0,0.003082758
163,1,1,M,55-64,>100K,0,0,0.001689635
164,1,1,M,55-64,<100K,0,0,0.000532202
165,1,0,M,18-24,>100K,0,0,0.00413005
166,1,1,F,55-64,<100K,0,0,0.004212099
167,1,1,F,55-64,>100K,0,0,0.000862569
168,1,1,M,55-64,<100K,0,0,0.004187117
169,1,1,F,55-64,>100K,0,0,0.000500704
170,1,0,M,55-64,<100K,0,0,0.00035754
171,1,1,F,55-64,<100K,0,0,0.00378624
172,0,1,M,55-64,>100K,0,0,0.010953256
173,1,1,M,55-64,>100K,0,0,0.032711278
174,1,1,F,55-64,<100K,0,0,0.000556891
175,1,1,F,55-64,>100K,0,0,0.005621628
176,1,1,M,55-64,<100K,0,0,0.009210666
177,1,1,F,55-64,<100K,0,0,0.010697847
178,1,1,F,55-64,>100K,0,0,0.002499293
179,1,0,F,55-64,<100K,0,0,0.002113245
180,1,0,F,55-64,>100K,0,0,0.004584992
181,1,1,F,55-64,<100K,0,0,0.003292848
182,1,1,F,55-64,<100K,0,0,0.008115833
183,1,0,F,55-64,<100K,0,0,0.002011088
184,1,1,F,55-64,>100K,0,0,0.018174904
185,1,1,F,55-64,>100K,0,0,0.000333359
186,1,1,F,55-64,<100K,0,0,0.000598315
187,1,1,F,55-64,<100K,0,0,0.002056325
188,1,1,F,55-64,<100K,0,0,0.002254596
189,1,1,F,55-64,>100K,0,0,0.000854237
190,1,1,F,55-64,>100K,0,0,0.003355669
191,0,1,F,55-64,<100K,0,0,0.005182677
192,1,1,M,55-64,>100K,0,0,0.00243655
193,1,1,F,55-64,<100K,0,0,0.174783863
194,1,1,F,55-64,<100K,0,0,0.002071483
195,1,1,F,55-64,<100K,0,0,0.001712675
196,1,1,M,55-64,>100K,0,0,0.001880987
197,1,1,F,55-64,>100K,0,0,0.002782763
198,1,1,M,55-64,<100K,0,0,0.001696568
199,0,1,M,55-64,<100K,0,0,0.003325501
200,1,1,F,55-64,>100K,0,0,0.004175746
201,1,1,M,55-64,<100K,0,0,0.000853711
202,1,1,M,55-64,>100K,0,0,0.000505337
203,1,1,M,55-64,>100K,0,0,0.001059754
204,1,1,F,55-64,<100K,0,0,0.001355661
205,1,1,M,55-64,>100K,0,0,0.003171023
206,1,1,M,55-64,<100K,0,0,0.004495138
207,1,1,F,55-64,<100K,0,0,0.001632912
208,1,1,M,55-64,<100K,0,0,0.000723427
209,1,1,M,55-64,>100K,0,0,0.002207242
210,1,1,F,55-64,<100K,0,0,0.001856942
211,1,1,F,55-64,<100K,0,0,0.001872069
212,1,1,F,55-64,>100K,0,0,0.004136341
213,1,1,F,55-64,<100K,0,0,0.003973096
214,1,1,F,55-64,>100K,0,0,0.003007682
215,1,1,F,55-64,<100K,0,0,0.000420809
216,1,1,F,55-64,>100K,0,0,0.001777446
217,1,1,F,55-64,<100K,0,0,0.096825416
218,1,1,F,55-64,<100K,0,0,0.115062454
219,1,1,M,55-64,<100K,0,0,0.002030387
220,1,1,F,55-64,<100K,0,0,0.00037098
221,1,1,M,55-64,>100K,0,0,0.001574494
222,1,1,F,55-64,>100K,0,0,0.001595635
223,1,0,F,55-64,<100K,0,0,0.00105195
224,1,1,F,55-64,<100K,0,0,0.071047974
225,1,1,F,55-64,<100K,0,0,0.003369203
226,1,1,M,55-64,<100K,0,0,0.002139277
227,1,0,F,55-64,>100K,0,0,0.002740482
228,1,0,F,55-64,>100K,0,1,0.42118631
229,1,1,F,55-64,<100K,0,0,0.048135393
230,1,1,M,55-64,<100K,0,0,0.003485716
231,1,1,M,55-64,<100K,0,0,0.001541858
232,0,1,F,55-64,>100K,0,0,0.001807528
233,1,1,M,55-64,<100K,0,0,0.010045148
234,1,1,F,55-64,<100K,0,0,0.007762607
235,1,1,F,55-64,>100K,0,0,0.000921269
236,0,1,F,55-64,>100K,0,0,0.02631321
237,1,1,F,55-64,<100K,0,0,0.047524939
238,1,1,F,55-64,>100K,0,0,0.002542282
239,1,1,F,25-34,<100K,0,0,0.007323142
240,1,0,F,55-64,<100K,0,0,0.002923454
241,1,0,F,55-64,<100K,0,0,0.001315517
242,1,0,F,55-64,>100K,0,0,0.005184784
243,1,1,F,55-64,>100K,0,0,0.000275607
244,1,1,F,55-64,<100K,0,0,0.000447262
245,1,1,F,55-64,<100K,0,0,0.001082485
246,1,1,F,55-64,<100K,0,0,0.018829607
247,1,1,F,55-64,<100K,0,0,0.000522872
248,1,1,F,55-64,<100K,0,0,0.055175734
249,1,1,F,55-64,<100K,0,0,0.001673681
250,1,1,F,55-64,<100K,0,0,0.00040704
251,1,1,F,55-64,<100K,0,0,0.00251216
252,1,1,M,55-64,>100K,0,0,0.009492462
253,1,1,F,55-64,>100K,0,0,0.001640032
254,1,1,F,55-64,>100K,0,0,0.000439183
255,0,1,M,55-64,<100K,0,0,0.005033374
256,1,1,F,55-64,>100K,0,0,0.00058111
257,1,1,F,55-64,<100K,0,0,0.043073397
258,1,1,F,55-64,<100K,0,0,0.002466999
259,1,1,F,55-64,<100K,0,0,0.000570956
260,1,1,M,55-64,<100K,0,0,0.112160571
261,1,1,M,55-64,<100K,0,0,0.118033511
262,1,1,F,55-64,<100K,0,0,0.002529838
263,1,1,M,55-64,<100K,0,0,0.000486464
264,1,1,F,55-64,<100K,0,0,0.008388617
265,1,1,M,55-64,<100K,0,0,0.001220614
266,1,1,F,25-34,<100K,0,0,0.001131177
267,0,1,F,55-64,>100K,0,0,0.009100738
268,1,1,F,55-64,>100K,0,0,0.001620909
269,1,1,F,55-64,<100K,0,0,0.001716628
270,1,0,F,55-64,>100K,0,0,0.005710213
271,1,1,M,55-64,<100K,0,0,0.002064538
272,1,1,M,55-64,<100K,0,0,0.001093834
273,0,1,M,55-64,>100K,0,0,0.002201225
274,1,1,M,25-34,>100K,0,0,0.032001553
275,1,1,F,55-64,<100K,0,0,0.002982063
276,1,1,M,55-64,<100K,0,0,0.001722932
277,1,1,F,55-64,>100K,0,0,0.00051944
278,1,1,F,55-64,>100K,0,0,0.001527427
279,1,1,F,55-64,>100K,0,0,0.005999003
280,1,1,F,55-64,<100K,0,0,0.000351656
281,1,1,F,45-54,>100K,0,0,0.000733856
282,1,1,M,55-64,<100K,0,0,0.000448658
283,1,1,F,55-64,>100K,0,0,0.045963934
285,0,1,M,55-64,>100K,0,0,0.000910048
286,1,1,F,55-64,<100K,0,0,0.000788186
287,1,1,F,55-64,<100K,0,0,0.00147045
288,1,1,F,55-64,<100K,0,0,0.006595995
289,1,1,M,55-64,<100K,0,0,0.020431243
290,1,1,F,55-64,>100K,0,0,0.016631479
291,1,1,F,55-64,<100K,0,0,0.001255792
292,1,1,F,55-64,>100K,0,0,0.002098482
293,1,1,M,55-64,<100K,0,0,0.009310468
294,1,1,F,55-64,<100K,0,0,0.001317717
295,1,1,F,55-64,<100K,0,0,0.001525549
296,1,1,M,55-64,<100K,0,0,0.031125622
297,0,0,F,55-64,<100K,0,0,0.316124626
298,1,1,M,55-64,>100K,0,0,0.00620285
299,1,1,F,55-64,>100K,0,0,0.002433659
300,1,1,M,55-64,>100K,0,0,0.000178002
301,1,1,F,55-64,<100K,0,0,0.002490397
302,1,1,M,55-64,>100K,0,0,0.008834333
303,1,1,F,55-64,>100K,0,0,0.04147549
304,1,1,M,55-64,>100K,0,0,0.003513646
305,1,0,M,55-64,>100K,0,0,0.002245118
307,1,1,M,55-64,>100K,0,0,0.003425373
308,0,1,M,45-54,>100K,0,0,0.003421038
309,1,1,F,55-64,<100K,0,0,0.001722011
310,1,1,F,55-64,>100K,0,0,0.004739184
311,1,1,F,55-64,<100K,0,0,0.001499417
312,1,1,F,55-64,>100K,0,0,0.002885361
313,1,0,F,55-64,<100K,0,0,0.000628678
314,1,1,M,55-64,>100K,0,0,0.002321312
315,1,1,M,55-64,<100K,0,0,0.001705374
316,1,1,M,55-64,<100K,0,0,0.030015069
317,1,1,F,55-64,<100K,0,0,0.000543097
318,1,1,F,55-64,>100K,0,0,0.040521242
319,1,1,M,55-64,<100K,0,0,0.001998453
320,1,1,M,55-64,>100K,0,0,0.001503181
321,1,1,F,55-64,>100K,0,0,0.006488555
322,1,1,F,55-64,>100K,0,0,0.00199278
323,1,1,M,55-64,<100K,0,0,0.00422632
324,0,1,M,55-64,>100K,0,0,0.00126463
325,1,0,M,55-64,>100K,0,0,0.095982323
326,1,1,F,55-64,<100K,0,0,0.001907893
327,1,1,F,55-64,<100K,0,0,0.002405716
328,0,0,M,55-64,<100K,0,0,0.00869458
329,1,0,F,55-64,<100K,0,0,0.001965669
330,1,1,M,25-34,>100K,0,0,0.002814285
331,1,1,M,55-64,<100K,0,0,0.192117583
332,1,1,F,55-64,>100K,0,0,0.002535396
333,1,1,F,55-64,<100K,0,0,0.003515792
334,0,0,F,55-64,>100K,0,0,0.004815389
335,1,1,F,55-64,<100K,0,0,0.001922251
336,1,1,F,55-64,<100K,0,0,0.002065588
337,1,0,M,55-64,<100K,0,0,0.006137874
338,1,0,M,55-64,<100K,0,0,0.000248546
339,1,1,F,55-64,>100K,0,0,0.001768169
340,1,1,F,55-64,<100K,0,0,0.001332589
342,1,1,F,45-54,<100K,0,0,0.00320998
343,1,1,F,55-64,>100K,0,0,0.000404765
344,1,1,F,55-64,<100K,0,0,0.000270466
345,1,1,F,25-34,<100K,0,0,0.002077975
346,1,1,M,55-64,<100K,0,0,0.005682691
347,1,1,F,55-64,<100K,0,0,0.010305163
348,1,1,F,55-64,<100K,0,0,0.01108082
349,1,0,F,55-64,>100K,0,0,0.000844763
350,1,1,F,55-64,<100K,0,0,0.002263028
351,1,1,F,55-64,>100K,0,0,0.001312796
352,1,1,F,55-64,>100K,0,0,0.001987529
353,1,1,F,55-64,<100K,0,0,0.003188054
354,1,1,F,55-64,>100K,0,0,0.001442893
355,1,1,F,55-64,<100K,0,0,0.002149631
356,1,0,F,55-64,>100K,0,0,0.00494091
357,1,1,F,55-64,>100K,0,0,0.027961304
358,1,1,F,55-64,>100K,0,0,0.001790991
359,1,1,F,55-64,>100K,0,0,0.00352245
360,1,1,F,55-64,<100K,0,0,0.001342085
361,1,1,F,55-64,>100K,0,0,0.004943056
362,1,1,F,55-64,<100K,0,0,0.001564319
363,1,1,F,55-64,<100K,0,0,0.007703037
364,1,1,F,55-64,<100K,0,0,0.008704804
365,1,1,F,55-64,<100K,0,0,0.005362297
366,1,1,F,55-64,>100K,0,0,0.004807591
367,1,1,F,55-64,>100K,0,0,0.00709199
368,1,0,M,55-64,<100K,0,0,0.002603891
369,1,1,M,55-64,>100K,0,0,0.013919861
370,1,1,F,55-64,<100K,0,0,0.038998499
371,1,0,F,55-64,<100K,0,0,0.00242085
373,1,1,M,55-64,<100K,0,0,0.002137165
374,1,1,F,55-64,<100K,0,0,0.00640797
375,1,0,M,55-64,>100K,0,0,0.002434458
376,1,1,F,55-64,<100K,0,0,0.000470012
377,1,1,M,55-64,>100K,0,0,0.001403716
378,1,1,M,55-64,<100K,0,0,0.000319833
379,1,1,M,55-64,>100K,0,0,0.012040052
380,1,1,M,55-64,<100K,0,0,0.002129937
381,1,1,F,55-64,<100K,0,0,0.001989108
382,1,1,F,55-64,>100K,0,0,0.000920661
383,1,1,F,55-64,<100K,0,0,0.021191196
384,1,1,M,55-64,<100K,0,0,0.002533188
385,1,0,M,55-64,<100K,0,0,0.008769546
386,1,1,F,55-64,<100K,0,0,0.008912156
387,1,1,F,55-64,>100K,0,0,0.001430458
388,1,1,M,55-64,<100K,0,0,0.000994656
389,1,0,M,55-64,>100K,0,0,0.001745519
390,1,1,F,55-64,>100K,0,0,0.001193554
391,1,1,F,55-64,>100K,0,0,0.008371696
392,1,0,F,55-64,>100K,0,0,0.000460056
393,1,1,F,55-64,>100K,0,0,0.067988078
394,1,1,M,55-64,>100K,0,0,0.000557337
395,1,1,M,55-64,>100K,0,0,0.001596244
396,0,1,M,55-64,<100K,0,0,0.001509565
397,1,1,M,55-64,<100K,0,0,0.015802371
398,1,0,F,45-54,>100K,0,0,0.00824661
399,1,1,F,55-64,>100K,0,0,0.000410562
400,1,0,F,55-64,>100K,0,0,0.001336087
401,1,1,M,55-64,>100K,0,0,0.000683046
402,1,1,F,55-64,<100K,0,0,0.000541663
403,1,1,F,55-64,>100K,0,0,0.022376965
404,1,1,M,55-64,<100K,0,0,0.000986213
405,1,1,F,55-64,<100K,0,0,0.001423712
406,1,1,F,55-64,<100K,0,0,0.003030334
407,1,1,F,55-64,>100K,0,0,0.002897888
408,1,0,F,55-64,<100K,0,0,0.014519047
409,1,0,F,55-64,<100K,0,0,0.001985416
410,1,1,M,55-64,<100K,0,0,0.005664115
411,1,1,F,55-64,<100K,0,0,0.002682952
412,0,1,F,55-64,<100K,0,0,0.01024786
414,1,1,F,55-64,>100K,0,0,0.000194971
415,1,0,F,55-64,<100K,0,0,0.002832269
416,1,1,F,55-64,>100K,0,0,0.002094306
417,1,1,F,55-64,<100K,0,0,0.002217606
418,0,1,F,55-64,<100K,0,0,0.01211721
419,1,1,F,55-64,<100K,0,0,0.000498326
420,1,0,M,55-64,>100K,0,0,0.010870861
421,1,1,F,55-64,<100K,0,0,0.001928484
422,1,1,F,55-64,>100K,0,0,0.002319535
423,1,1,F,55-64,<100K,0,0,0.000292277
424,1,1,M,55-64,>100K,0,0,0.001666149
425,1,1,F,55-64,>100K,0,0,0.00548268
426,1,1,F,25-34,<100K,0,0,0.008696303
427,1,1,M,55-64,<100K,0,0,0.000426215
428,1,0,F,55-64,>100K,0,0,0.003305518
429,1,1,F,55-64,<100K,0,0,0.005463954
430,1,1,M,55-64,>100K,0,0,0.019200706
431,1,1,F,55-64,>100K,0,0,0.00069346
432,1,1,F,55-64,<100K,0,0,0.003268546
433,1,1,M,55-64,>100K,0,0,0.002637995
434,1,1,F,55-64,<100K,0,0,0.001322865
435,1,1,F,55-64,>100K,0,0,0.001580187
436,1,1,F,25-34,<100K,0,0,0.002445422
437,1,1,F,55-64,<100K,0,0,0.001662569
438,1,1,M,55-64,>100K,0,0,0.001476854
439,1,0,M,55-64,>100K,0,0,0.001805954
440,1,1,M,55-64,>100K,0,0,0.001608453
441,1,1,M,55-64,>100K,0,0,0.008295465
442,1,0,M,55-64,>100K,0,0,0.004470281
443,1,1,M,55-64,>100K,0,0,0.00172804
444,1,1,M,55-64,>100K,0,0,0.00552305
445,1,1,M,55-64,<100K,0,0,0.000219502
446,1,1,F,55-64,>100K,0,0,0.005903218
447,1,1,F,55-64,<100K,0,0,0.030105137
448,1,1,F,55-64,>100K,0,0,0.000634966
449,1,1,F,55-64,>100K,0,0,0.000274023
450,1,1,M,55-64,>100K,0,0,0.12035983
451,1,1,F,45-54,<100K,0,0,0.045064562
452,1,1,F,55-64,<100K,0,0,0.006667369
453,1,1,F,55-64,>100K,0,0,0.002892575
454,1,1,F,55-64,<100K,0,0,0.00187397
455,1,1,M,55-64,<100K,0,0,0.002424993
456,1,1,M,55-64,>100K,0,0,0.017627992
457,1,1,F,55-64,>100K,0,0,0.001375435
459,1,1,F,55-64,>100K,0,0,0.033171471
460,1,1,F,55-64,<100K,0,0,0.003027304
461,1,1,F,55-64,<100K,0,0,0.001599964
462,1,1,F,55-64,<100K,0,0,0.001119623
463,1,1,M,55-64,>100K,0,0,0.003175115
464,1,1,F,55-64,>100K,0,0,0.001241076
465,1,1,F,55-64,>100K,0,0,0.001396161
467,1,1,F,55-64,<100K,0,0,0.001428813
468,1,1,F,55-64,>100K,0,0,0.004251148
469,1,1,F,55-64,>100K,0,0,0.003374409
470,1,1,F,55-64,>100K,0,0,0.001745399
471,1,1,F,55-64,>100K,0,0,0.000963737
472,1,1,M,55-64,>100K,0,0,0.100695013
473,1,1,M,55-64,<100K,0,0,0.041199591
474,1,1,F,55-64,<100K,0,0,0.001802161
475,1,1,F,55-64,<100K,0,0,0.001455371
476,1,1,F,55-64,<100K,0,0,0.001975859
477,1,1,M,55-64,<100K,0,0,0.004797655
478,1,0,F,55-64,>100K,0,0,0.003720706
479,1,1,F,55-64,<100K,0,0,0.000315609
480,1,1,M,55-64,<100K,0,0,0.027581245
481,1,1,F,55-64,<100K,0,0,0.01802255
482,1,1,F,55-64,<100K,0,0,0.002061012
483,1,1,F,55-64,>100K,0,0,0.002252693
484,1,1,M,55-64,>100K,0,0,0.047255138
485,1,1,M,55-64,<100K,0,0,0.078512448
486,1,1,F,55-64,>100K,0,0,0.006963782
487,1,1,M,55-64,>100K,0,0,0.002508833
488,1,0,M,55-64,>100K,0,0,0.002086724
489,1,0,M,55-64,<100K,0,0,0.006802851
490,1,1,F,55-64,>100K,0,0,0.0015456
491,1,1,F,55-64,<100K,0,0,0.00407751
492,1,1,M,55-64,>100K,0,0,0.001343218
493,1,1,M,55-64,<100K,0,0,0.019449539
494,1,1,F,55-64,<100K,0,0,0.000595012
495,1,1,M,55-64,<100K,0,0,0.004865144
496,1,1,M,55-64,<100K,0,0,0.000216873
497,1,1,F,55-64,>100K,0,0,0.001646229
498,1,1,F,55-64,>100K,0,0,0.049608273
499,1,1,M,55-64,>100K,0,0,0.049186683
500,1,1,F,55-64,<100K,0,0,0.002234559
501,1,1,M,55-64,<100K,0,0,0.004267441
502,1,1,M,25-34,>100K,0,0,0.090308883
503,1,1,F,55-64,>100K,0,0,0.002096048
504,1,1,F,55-64,>100K,0,0,0.016092644
506,1,1,F,55-64,<100K,0,0,0.006235746
507,1,0,M,55-64,<100K,0,0,0.017752936
508,1,1,M,55-64,<100K,0,0,0.184772737
510,1,1,M,55-64,>100K,0,0,0.255946462
511,1,1,F,55-64,<100K,0,0,0.000200122
512,1,1,F,55-64,<100K,0,0,0.001664394
513,1,1,F,55-64,>100K,0,0,0.015152942
514,1,1,F,55-64,<100K,0,0,0.000252014
515,1,1,F,55-64,<100K,0,0,0.001458622
516,1,1,M,55-64,>100K,0,0,0.097354027
517,1,1,M,55-64,>100K,0,0,0.00273336
518,1,1,F,55-64,>100K,0,0,0.011357828
519,0,1,F,55-64,<100K,0,0,0.000305736
520,1,1,M,55-64,>100K,0,0,0.000307006
521,1,1,F,55-64,<100K,0,0,0.004484586
522,1,1,F,55-64,<100K,0,0,0.006171335
523,1,1,M,55-64,<100K,0,0,0.003498765
524,1,1,F,55-64,<100K,0,0,0.003330049
525,1,1,F,55-64,>100K,0,0,0.000226009
526,0,1,M,55-64,<100K,0,0,0.000308352
527,1,1,F,55-64,>100K,0,0,0.00144441
529,1,0,F,55-64,<100K,0,0,0.001223997
530,1,1,F,55-64,<100K,0,0,0.002404592
531,1,1,F,55-64,>100K,0,0,0.000376743
533,1,1,F,55-64,<100K,0,0,0.005179508
534,1,1,F,55-64,<100K,0,0,0.002377856
535,1,1,F,55-64,>100K,0,0,0.004732066
536,1,1,F,55-64,<100K,0,0,0.00176483
537,1,0,M,55-64,<100K,0,0,0.002231159
539,1,1,M,55-64,<100K,0,0,0.001807626
540,1,1,M,55-64,>100K,0,0,0.004611527
541,1,1,M,55-64,<100K,0,0,0.031677406
542,1,0,M,55-64,>100K,0,0,0.006467865
543,1,1,F,55-64,>100K,0,0,0.000351916
544,1,1,M,55-64,<100K,0,0,0.106427021
545,1,1,F,55-64,>100K,0,0,0.002091423
546,1,1,M,55-64,>100K,0,0,0.002369493
547,1,1,F,55-64,<100K,0,0,0.002176875
548,0,1,F,55-64,>100K,0,0,0.00740928
549,1,1,F,55-64,>100K,0,0,0.002876449
550,1,1,F,55-64,>100K,0,0,0.002024421
551,1,1,M,55-64,<100K,0,0,0.001612648
552,1,1,F,55-64,<100K,0,0,0.091775817
553,1,0,F,55-64,<100K,0,0,0.009162076
554,1,1,F,55-64,>100K,0,0,0.004289342
555,1,1,M,55-64,<100K,0,0,0.002460551
556,1,1,M,55-64,<100K,0,0,0.001598107
557,1,1,F,55-64,<100K,0,0,0.001363043
558,1,1,F,55-64,>100K,0,0,0.007112892
560,1,1,F,55-64,>100K,0,0,0.001124046
561,1,1,F,55-64,<100K,0,0,0.001967734
562,1,1,M,55-64,>100K,0,0,0.002661804
563,1,1,F,55-64,>100K,0,0,0.002131413
564,0,1,F,55-64,<100K,0,0,0.003208639
565,1,1,F,55-64,<100K,0,0,0.002208157
566,1,1,F,55-64,<100K,0,0,0.001854434
567,1,0,M,55-64,<100K,0,0,0.00133119
568,1,1,F,45-54,>100K,0,0,0.001264785
569,1,1,M,55-64,<100K,0,0,0.036155215
570,1,1,F,55-64,<100K,0,0,0.000390443
571,1,1,M,45-54,<100K,0,0,0.000171682
572,1,0,F,55-64,>100K,0,0,0.05027159
573,1,1,M,55-64,<100K,0,0,0.002605159
574,1,1,F,55-64,>100K,0,0,0.014754106
575,1,1,F,55-64,<100K,0,0,0.109453743
576,1,1,F,55-64,<100K,0,0,0.039664494
577,1,1,M,55-64,>100K,0,0,0.001428154
578,1,1,F,55-64,>100K,0,0,0.001706356
579,1,1,M,55-64,<100K,0,0,0.004122916
580,1,0,M,55-64,>100K,0,0,0.012859644
581,1,1,F,55-64,<100K,0,0,0.002016147
582,1,1,M,55-64,>100K,0,0,0.004028568
583,1,1,F,55-64,<100K,0,0,0.000765642
584,1,1,F,55-64,>100K,0,0,0.014694642
585,1,1,M,55-64,>100K,0,0,0.003630072
586,1,0,M,55-64,>100K,0,0,0.003491483
587,1,1,F,55-64,<100K,0,0,0.005635564
588,1,0,F,55-64,<100K,0,0,0.003710568
589,1,1,F,55-64,>100K,0,0,0.012917432
590,1,1,F,55-64,<100K,0,0,0.002457803
591,0,1,M,45-54,<100K,0,0,0.001281729
592,1,0,F,55-64,>100K,0,0,0.001413075
593,1,1,F,55-64,>100K,0,0,0.001471625
594,1,0,F,55-64,>100K,0,0,0.002264336
595,1,1,F,55-64,>100K,0,0,0.002339924
596,0,0,F,55-64,<100K,0,0,0.002041923
597,1,1,M,55-64,>100K,0,0,0.000750937
598,1,1,F,55-64,>100K,0,0,0.001678741
599,1,1,F,55-64,>100K,0,0,0.002398597
600,1,1,F,55-64,<100K,0,0,0.000943523
601,1,1,M,55-64,>100K,0,0,0.001128526
602,1,1,F,55-64,>100K,0,0,0.001438435
603,1,0,F,55-64,<100K,0,0,0.069217313
604,1,1,F,55-64,<100K,0,0,0.001547046
605,1,1,F,55-64,>100K,0,0,0.002799481
606,1,1,M,55-64,<100K,0,0,0.002025389
607,1,1,F,55-64,<100K,0,0,0.002717694
608,1,1,F,55-64,>100K,0,0,0.004225217
610,1,0,F,55-64,>100K,0,0,0.001395703
611,1,1,M,55-64,>100K,0,0,0.001587849
612,1,1,F,55-64,>100K,0,0,0.007255897
613,1,1,M,55-64,>100K,0,0,0.022396516
614,1,1,F,55-64,<100K,0,0,0.002262498
615,0,1,M,55-64,>100K,0,0,0.001782249
616,1,1,F,55-64,<100K,0,0,0.015104655
617,1,0,F,55-64,<100K,0,0,0.002539453
618,1,0,F,55-64,<100K,0,0,0.002461694
619,1,1,M,55-64,>100K,0,0,0.001099641
620,1,1,M,55-64,<100K,0,0,0.000430384
621,1,1,F,55-64,<100K,0,0,0.001971339
622,1,1,M,55-64,>100K,0,0,0.001753027
623,1,1,F,55-64,<100K,0,0,0.000245574
624,1,1,F,55-64,>100K,0,0,0.001553325
625,1,1,F,55-64,>100K,0,0,0.00230829
626,1,0,F,55-64,<100K,0,0,0.00027193
627,1,1,F,55-64,<100K,0,0,0.002561572
628,1,1,M,55-64,>100K,0,0,0.003496188
629,1,1,F,55-64,<100K,0,0,0.00152493
630,1,1,F,55-64,<100K,0,0,0.001007653
631,0,1,M,55-64,>100K,0,0,0.001756296
632,1,1,F,55-64,>100K,0,0,0.00283108
633,0,0,M,55-64,<100K,0,0,0.021755025
634,1,1,F,55-64,<100K,0,0,0.031578975
635,1,1,F,55-64,<100K,0,0,0.002282319
636,1,1,M,55-64,<100K,0,0,0.001765661
637,1,0,F,45-54,>100K,0,0,0.073324119
638,1,1,F,55-64,>100K,0,0,0.002884205
639,1,1,F,55-64,>100K,0,0,0.000517331
640,1,1,F,55-64,<100K,0,0,0.007256295
641,1,0,M,55-64,<100K,0,0,0.001589587
642,1,0,F,55-64,<100K,0,0,0.003477752
643,1,1,F,55-64,>100K,0,0,0.001727165
644,1,1,F,55-64,<100K,0,0,0.001516153
645,1,1,M,55-64,>100K,0,0,0.00239101
646,1,1,F,55-64,<100K,0,0,0.003339232
648,1,1,M,55-64,<100K,0,0,0.000782658
649,1,1,F,55-64,<100K,0,0,0.001069319
650,1,1,F,55-64,>100K,0,0,0.00347545
651,1,1,F,55-64,>100K,0,0,0.01786909
652,1,1,F,55-64,<100K,0,0,0.002320742
653,1,1,F,55-64,>100K,0,0,0.000502016
654,1,1,F,55-64,<100K,0,0,0.222545156
655,1,0,M,55-64,>100K,0,0,0.003084711
656,1,1,M,55-64,<100K,0,0,0.001108068
657,1,1,F,55-64,<100K,0,0,0.014769091
658,1,0,F,55-64,>100K,0,0,0.002977912
659,1,1,F,55-64,<100K,0,0,0.001664798
660,1,0,F,55-64,>100K,0,0,0.00082817
661,1,0,F,55-64,<100K,0,0,0.005546253
662,1,0,F,55-64,<100K,0,0,0.001229157
663,1,1,M,55-64,<100K,0,0,0.002773114
664,1,1,M,55-64,<100K,0,0,0.000475599
665,1,1,M,55-64,<100K,0,0,0.000989824
666,0,1,M,55-64,>100K,0,0,0.003830096
667,0,1,M,55-64,>100K,0,0,0.000463072
668,1,1,F,55-64,<100K,0,0,0.000589388
669,1,1,F,55-64,>100K,0,0,0.001398963
670,1,1,F,55-64,<100K,0,0,0.001250742
671,1,1,F,55-64,>100K,0,0,0.001309995
672,1,1,F,55-64,>100K,0,0,0.001003434
673,1,1,M,55-64,<100K,0,0,0.007239544
674,0,1,F,55-64,<100K,0,0,0.000485339
675,1,1,M,25-34,>100K,0,0,0.000777706
676,1,1,M,55-64,<100K,0,0,0.001674229
677,1,1,F,55-64,>100K,0,0,0.004766449
678,1,1,M,55-64,<100K,0,0,0.002481682
679,1,1,F,55-64,>100K,0,0,0.001059709
680,1,1,F,55-64,>100K,0,0,0.003177226
681,1,1,F,55-64,>100K,0,0,0.000943977
682,1,1,F,55-64,>100K,0,0,0.003521121
683,1,0,F,55-64,>100K,0,0,0.001827344
684,1,0,F,55-64,>100K,0,0,0.002210332
685,1,1,F,45-54,>100K,0,0,0.004214955
686,1,1,M,55-64,>100K,0,0,0.017832885
687,1,0,F,55-64,<100K,0,0,0.002363229
689,1,1,M,55-64,<100K,0,0,0.001295339
690,1,1,F,55-64,>100K,0,0,0.001382087
691,1,1,F,55-64,<100K,0,0,0.000436043
692,1,1,M,55-64,>100K,0,0,0.014572918
693,1,1,M,55-64,>100K,0,0,0.000469768
694,1,1,F,55-64,>100K,0,0,0.002885007
695,1,1,M,55-64,>100K,0,0,0.00186331
697,1,1,F,55-64,<100K,0,0,0.017067902
698,1,0,F,55-64,>100K,0,0,0.001320966
699,1,1,F,55-64,<100K,0,0,0.000540365
700,1,1,F,25-34,>100K,0,0,0.083457497
701,1,1,F,55-64,>100K,0,0,0.038875328
702,1,1,F,55-64,<100K,0,0,0.001019621
703,1,1,F,55-64,<100K,0,0,0.002175835
704,1,1,F,55-64,<100K,0,0,0.001653484
705,1,1,F,55-64,<100K,0,0,0.001276967
706,1,1,F,55-64,<100K,0,0,0.002159951
707,1,1,M,25-34,>100K,0,0,0.004052913
708,1,1,F,55-64,<100K,0,0,0.000572136
709,1,1,F,55-64,<100K,0,0,0.00016176
710,1,1,M,55-64,>100K,0,0,0.002106347
711,1,0,M,55-64,<100K,0,0,0.003717948
712,1,1,M,55-64,<100K,0,0,0.004038733
713,1,1,F,55-64,>100K,0,0,0.001849193
714,1,0,F,55-64,<100K,0,0,0.020737284
715,1,1,F,55-64,<100K,0,0,0.001715358
716,1,1,M,55-64,<100K,0,0,0.000954459
717,1,1,M,55-64,>100K,0,0,0.021112304
718,1,0,M,55-64,<100K,0,0,0.007973313
719,1,1,F,55-64,>100K,0,0,0.005489605
720,1,1,M,55-64,>100K,0,0,0.000938821
721,1,0,M,55-64,>100K,0,0,0.001971232
722,1,1,M,55-64,<100K,0,0,0.002175553
723,1,1,M,55-64,>100K,0,0,0.048194191
725,1,0,M,55-64,<100K,0,0,0.001265788
726,1,1,F,45-54,>100K,0,0,0.001136683
727,1,0,F,55-64,>100K,0,0,0.002876929
728,1,1,F,55-64,>100K,0,0,0.00488815
729,1,1,F,55-64,<100K,0,0,0.015031596
730,1,1,M,55-64,>100K,0,0,0.002380531
732,1,1,F,55-64,<100K,0,0,0.013711826
733,1,1,F,55-64,>100K,0,0,0.001050244
734,1,1,M,55-64,>100K,0,0,0.001419906
735,1,1,M,55-64,>100K,0,0,0.028863366
736,1,1,M,55-64,<100K,0,0,0.034732881
737,1,1,F,55-64,<100K,0,0,0.002297679
738,1,1,F,55-64,<100K,0,0,0.00191745
739,1,1,F,55-64,>100K,0,0,0.010314654
740,1,1,M,55-64,>100K,0,0,0.008451978
741,1,1,M,55-64,<100K,0,0,0.026260093
742,1,1,M,55-64,>100K,0,0,0.000315016
743,1,1,M,55-64,<100K,0,0,0.001238827
744,1,1,F,55-64,>100K,0,0,0.000200147
745,1,1,M,55-64,>100K,0,0,0.001743785
746,1,1,M,55-64,>100K,0,0,0.004618864
748,1,1,M,55-64,<100K,1,0,0.006887659
749,1,1,M,25-34,>100K,0,0,0.002386685
750,1,1,F,55-64,>100K,0,0,0.001462906
751,1,0,M,55-64,<100K,0,0,0.002251385
752,1,1,F,55-64,>100K,0,0,0.000292305
753,1,1,F,55-64,<100K,0,0,0.001407531
754,1,1,F,55-64,>100K,0,0,0.002599389
755,1,1,F,55-64,>100K,0,0,0.005099851
756,1,1,M,55-64,<100K,0,0,0.001289009
757,1,1,F,55-64,>100K,0,0,0.000925282
758,1,0,F,55-64,<100K,0,0,0.000962301
759,1,1,M,55-64,<100K,0,1,0.583357942
760,1,0,F,55-64,<100K,0,0,0.002070348
761,1,1,F,55-64,>100K,0,0,0.000605561
762,1,1,F,55-64,<100K,0,0,0.002590137
763,1,1,F,55-64,<100K,0,0,0.004460156
764,1,1,F,55-64,<100K,0,0,0.002269133
765,1,1,F,55-64,<100K,0,0,0.000806846
766,0,1,M,55-64,>100K,0,0,0.000672003
767,1,1,F,55-64,<100K,0,0,0.000541714
768,1,1,F,55-64,<100K,0,0,0.12083053
769,1,1,M,55-64,>100K,0,0,0.002248104
770,1,1,F,55-64,>100K,0,0,0.004998496
771,1,1,F,55-64,<100K,0,0,0.015264629
772,0,1,F,55-64,<100K,0,0,0.004201669
773,1,1,M,55-64,<100K,0,0,0.00071045
774,1,0,M,55-64,>100K,0,0,0.003746874
775,1,0,F,55-64,<100K,0,0,0.001941526
776,1,1,F,55-64,<100K,0,0,0.002769414
777,1,1,F,55-64,<100K,0,0,0.00104533
778,1,1,M,55-64,>100K,0,0,0.01288699
779,1,1,F,55-64,<100K,0,0,0.001464024
780,1,1,F,55-64,>100K,0,0,0.008740548
781,1,1,M,55-64,<100K,0,0,0.00301165
782,1,0,F,55-64,>100K,0,0,0.006530848
783,1,1,F,55-64,<100K,0,0,8.62e-05
784,1,1,F,55-64,<100K,0,0,0.001719491
785,1,1,F,55-64,<100K,0,0,0.002110628
786,1,1,M,55-64,<100K,0,0,0.001902116
787,1,1,F,55-64,<100K,0,0,0.045480824
788,1,1,M,55-64,>100K,0,0,0.019222796
789,1,1,F,55-64,<100K,0,0,0.003620721
790,1,1,M,55-64,>100K,0,0,0.000454534
791,1,1,F,55-64,>100K,0,0,0.00093723
792,1,0,F,55-64,>100K,0,0,0.023509262
793,1,1,F,55-64,<100K,0,0,0.001243416
794,1,1,F,55-64,>100K,0,0,0.001119178
795,1,1,M,55-64,>100K,0,0,0.000145147
796,1,1,F,55-64,<100K,0,0,0.01390178
797,1,1,F,55-64,>100K,0,0,0.003650699
798,1,1,F,55-64,>100K,0,0,0.002637777
799,1,1,F,55-64,<100K,0,0,0.091053945
800,1,1,M,55-64,>100K,0,0,0.00471267
801,1,1,F,55-64,<100K,0,0,0.006632419
802,1,0,F,55-64,<100K,0,0,0.001787823
803,1,1,M,55-64,<100K,0,0,0.002072963
804,1,1,M,55-64,<100K,0,0,0.001395321
805,1,1,F,55-64,>100K,0,0,0.000660113
806,1,1,F,55-64,>100K,0,0,0.006889227
807,1,0,M,55-64,>100K,0,0,0.003258504
808,1,1,F,55-64,>100K,0,0,0.002077973
809,1,1,F,55-64,>100K,0,0,0.001807153
810,1,0,F,25-34,<100K,0,0,0.001421238
811,1,1,M,55-64,<100K,0,0,0.003183164
812,1,1,F,55-64,<100K,0,0,0.001579133
813,0,1,F,55-64,<100K,0,0,0.000254071
814,1,0,F,55-64,>100K,0,0,0.003964113
815,1,1,M,55-64,<100K,0,0,0.000963304
816,1,1,F,55-64,<100K,0,0,0.000901552
817,1,1,F,55-64,<100K,0,0,0.004425902
818,1,1,F,55-64,<100K,0,0,0.001350452
819,1,0,M,55-64,>100K,0,0,0.00253093
820,1,0,M,55-64,<100K,0,0,0.044594998
821,1,1,M,55-64,<100K,0,0,0.006070162
822,1,1,F,55-64,<100K,0,0,0.004711205
823,1,1,F,55-64,>100K,0,0,0.000639961
824,1,1,F,45-54,<100K,0,0,0.001135379
825,1,1,F,55-64,<100K,0,0,0.006988939
826,1,1,M,55-64,<100K,0,0,0.00162588
827,1,0,F,55-64,>100K,0,0,0.008011155
828,1,1,F,55-64,>100K,0,0,0.000232541
829,1,1,F,55-64,<100K,0,0,0.002153921
830,1,1,M,55-64,>100K,0,0,0.00032965
831,1,0,F,55-64,<100K,0,0,0.001161542
832,1,1,M,55-64,<100K,0,0,0.023076332
833,0,0,F,55-64,>100K,0,0,0.0029963
834,1,0,F,55-64,>100K,0,0,0.002145475
835,1,1,F,55-64,>100K,0,0,0.000575128
836,1,1,F,55-64,>100K,0,0,0.107714527
837,1,1,M,55-64,>100K,0,0,0.006466961
838,1,1,F,55-64,<100K,0,0,0.001916777
839,0,1,M,55-64,>100K,0,0,0.004659052
840,1,0,M,55-64,<100K,0,0,0.003590581
841,1,1,F,25-34,<100K,0,0,0.000453908
842,1,1,F,55-64,>100K,0,0,0.005945308
843,1,1,F,55-64,<100K,0,0,0.000308991
844,1,1,F,55-64,>100K,0,0,0.002069602
845,0,1,F,55-64,<100K,0,0,0.020074113
846,1,1,F,55-64,<100K,0,0,0.004535359
847,1,1,F,55-64,<100K,0,0,0.231701727
848,1,1,F,55-64,<100K,0,0,0.108388131
849,1,1,F,55-64,>100K,0,0,0.003252854
850,1,1,F,55-64,<100K,0,0,0.065185611
851,1,0,M,55-64,>100K,0,0,0.000977494
852,1,1,F,55-64,>100K,0,0,0.000999292
853,1,1,F,55-64,<100K,0,0,0.000439034
854,1,1,F,55-64,>100K,0,0,0.007040007
855,1,1,F,55-64,>100K,0,0,0.002448252
856,1,1,M,55-64,>100K,0,0,0.000552046
857,1,1,F,55-64,<100K,0,0,0.00155423
858,1,1,F,55-64,<100K,0,0,0.003596176
859,1,1,M,55-64,>100K,0,0,0.001622008
860,1,1,F,55-64,<100K,0,0,0.00155484
861,1,1,M,55-64,<100K,0,0,0.011104175
862,0,1,F,55-64,<100K,0,0,0.002724812
863,1,1,F,55-64,>100K,0,0,0.02363439
864,1,0,F,55-64,<100K,0,0,0.000429686
865,1,1,F,55-64,<100K,0,0,0.003285192
866,1,1,M,55-64,>100K,0,0,0.001768537
867,0,1,F,55-64,<100K,0,0,0.003616558
868,1,1,F,55-64,>100K,0,0,0.001409734
869,1,1,F,55-64,>100K,0,0,0.009373577
870,1,1,F,55-64,>100K,0,0,0.001561201
871,1,1,F,55-64,<100K,0,0,0.000224576
872,1,0,M,55-64,>100K,0,0,0.007915785
873,0,1,F,55-64,<100K,0,0,0.002317778
874,1,0,F,55-64,<100K,0,0,0.005993599
875,1,1,F,55-64,>100K,0,0,0.003527311
876,1,1,F,55-64,<100K,0,0,0.048243066
877,1,1,M,55-64,<100K,0,0,0.00226268
878,1,1,F,55-64,<100K,0,0,0.000711711
879,1,0,M,55-64,>100K,0,0,0.001773983
880,1,1,M,55-64,>100K,0,0,0.01554008
881,1,1,F,55-64,>100K,0,0,0.000996588
882,1,0,F,55-64,>100K,0,0,0.000141493
883,1,1,F,55-64,>100K,0,0,0.079044105
884,1,1,F,55-64,>100K,0,0,0.000990799
885,1,1,F,55-64,>100K,0,0,0.001377098
886,1,1,M,55-64,<100K,0,0,0.002831006
887,1,1,F,55-64,<100K,0,0,0.102660592
888,0,1,F,55-64,>100K,0,0,0.003838287
889,1,1,F,55-64,<100K,0,0,0.000909835
890,1,0,M,55-64,<100K,0,0,0.003168736
891,1,1,F,55-64,>100K,0,0,0.001731784
892,1,1,F,55-64,<100K,0,0,0.002500078
893,1,1,F,55-64,>100K,0,0,0.002826212
894,1,0,F,55-64,<100K,0,0,0.000513488
895,1,1,M,55-64,<100K,0,0,0.00266721
896,1,1,M,55-64,<100K,0,0,0.000469623
897,1,1,F,55-64,<100K,0,0,0.002952428
898,1,1,F,55-64,>100K,0,0,0.03766123
899,1,1,F,55-64,>100K,0,0,0.001521972
900,1,0,F,55-64,>100K,0,0,0.009041479
901,1,1,F,55-64,<100K,0,0,0.001802784
902,1,1,M,55-64,<100K,0,0,0.010638074
903,1,1,F,55-64,>100K,0,0,0.027633903
904,1,1,F,55-64,<100K,0,0,0.003116389
905,1,1,M,55-64,<100K,0,0,0.102474029
906,1,1,F,55-64,<100K,0,0,0.064130074
907,1,1,F,55-64,<100K,0,0,0.001049457
908,1,1,F,45-54,<100K,0,0,0.001773622
909,1,1,F,55-64,<100K,0,0,0.002780581
910,1,1,M,55-64,>100K,0,0,0.003086633
911,1,1,F,55-64,>100K,0,0,0.011920176
912,1,1,F,55-64,<100K,0,0,0.002083484
913,1,0,F,55-64,<100K,0,0,0.000771465
914,1,1,M,25-34,>100K,0,0,0.002488234
915,1,1,F,55-64,<100K,0,0,0.001091568
916,1,1,F,55-64,>100K,0,0,0.002346896
917,1,0,F,25-34,<100K,0,0,0.001900781
918,1,0,F,55-64,>100K,0,0,0.00362672
919,1,1,M,55-64,>100K,0,0,0.001484488
920,1,1,M,55-64,<100K,0,0,0.002113521
921,1,1,M,55-64,<100K,0,0,0.004300798
922,1,1,F,55-64,<100K,0,0,0.00644738
923,1,0,M,55-64,>100K,0,0,0.001924382
924,1,1,M,55-64,<100K,0,0,0.018559707
925,1,1,M,55-64,<100K,0,0,0.002375481
926,1,1,F,55-64,<100K,0,0,0.000478656
927,1,1,F,55-64,<100K,0,0,0.02814188
928,1,1,F,55-64,>100K,0,0,0.046901196
929,1,1,F,55-64,<100K,0,0,0.002964456
930,1,1,M,25-34,>100K,0,0,0.00160377
931,1,1,F,55-64,>100K,0,0,0.002760169
932,1,1,F,55-64,>100K,0,0,0.001491395
933,1,1,M,55-64,>100K,0,0,0.235197289
934,1,1,M,55-64,<100K,0,0,0.079226034
935,1,1,F,55-64,<100K,0,0,0.001823197
936,1,1,M,55-64,<100K,0,0,0.001712359
937,1,1,F,55-64,<100K,0,0,0.005549589
938,1,1,F,55-64,<100K,0,0,0.002685109
940,1,1,F,55-64,<100K,0,0,0.0021616
941,1,1,M,55-64,<100K,0,0,0.013305515
942,1,1,F,55-64,<100K,0,0,0.001861833
943,1,1,F,55-64,<100K,0,0,0.001373467
944,1,1,M,55-64,>100K,0,0,0.029446656
945,1,1,F,55-64,>100K,0,0,0.0018734
946,0,1,F,55-64,<100K,0,0,0.061327369
947,1,1,M,55-64,>100K,0,0,0.003237968
948,1,1,F,55-64,<100K,0,0,0.002251068
949,1,1,F,55-64,>100K,0,0,0.027916216
950,1,1,F,55-64,<100K,0,0,0.000111612
951,1,1,F,55-64,<100K,0,0,0.000764245
952,0,1,F,55-64,>100K,0,0,0.001030108
953,1,1,F,55-64,<100K,0,0,0.001895129
954,1,0,F,55-64,<100K,0,0,0.001115711
955,1,1,F,55-64,>100K,0,0,0.000650436
956,0,1,F,55-64,<100K,0,0,0.002766679
957,1,1,F,55-64,>100K,0,0,0.000581434
958,1,1,F,55-64,<100K,0,0,0.001704671
959,1,1,F,55-64,>100K,0,0,0.110478876
960,1,1,F,55-64,>100K,0,0,0.109457491
961,1,1,M,55-64,>100K,0,0,0.015778848
962,1,1,M,55-64,<100K,0,0,0.004611976
964,1,1,F,55-64,>100K,0,0,0.003849279
965,1,1,M,55-64,<100K,0,0,0.001985006
966,1,1,F,55-64,<100K,0,0,0.002236856
967,1,1,M,55-64,<100K,0,0,0.001817772
968,1,1,F,55-64,>100K,0,0,0.005313667
969,1,0,F,55-64,<100K,0,0,0.002894086
970,1,1,M,55-64,<100K,0,0,0.002183468
971,1,1,M,55-64,>100K,0,0,0.001933932
972,1,1,F,55-64,<100K,0,0,0.00509751
973,1,1,M,55-64,<100K,0,0,0.001324281
974,1,1,F,55-64,<100K,0,0,0.001765169
975,1,1,F,55-64,>100K,0,0,0.054036589
976,1,1,M,55-64,>100K,0,0,0.000897325
977,0,1,M,55-64,>100K,0,0,0.001603254
978,1,1,F,55-64,<100K,0,0,0.002406283
979,1,0,F,55-64,>100K,0,0,0.000558222
980,1,0,F,55-64,>100K,0,0,0.001511645
981,1,1,M,55-64,<100K,0,0,0.001484405
982,1,1,F,25-34,<100K,0,0,0.003689894
983,1,1,F,45-54,>100K,0,0,0.002786418
985,0,1,F,55-64,<100K,0,0,0.001701292
986,1,1,M,55-64,>100K,0,0,0.007468749
987,1,1,M,55-64,<100K,0,0,0.037956264
988,1,1,F,55-64,>100K,0,0,0.003473468
989,1,1,F,55-64,>100K,0,0,0.002165842
991,1,0,M,55-64,<100K,0,0,0.000714536
992,0,1,M,55-64,>100K,0,0,0.002302786
993,1,1,M,55-64,>100K,0,0,0.000134528
994,1,0,F,55-64,>100K,0,0,0.002323334
995,1,1,F,55-64,>100K,0,0,0.005454926
996,1,1,F,55-64,<100K,0,0,0.000305677
997,1,0,F,55-64,>100K,0,0,0.005260439
998,1,0,F,55-64,>100K,0,0,0.004032452
999,1,1,M,55-64,>100K,0,0,0.001097446
1000,1,1,M,55-64,>100K,0,0,0.004122393
1001,1,1,M,55-64,>100K,0,0,0.000340682
1002,1,1,M,55-64,<100K,0,0,0.00329514
1003,0,1,F,55-64,<100K,0,0,0.048667156
1004,1,1,F,55-64,<100K,0,0,0.001887268
1005,1,1,F,55-64,>100K,0,0,0.071667635
1006,1,1,F,55-64,>100K,0,0,0.10981787
1007,1,1,F,55-64,>100K,0,0,0.00108825
1008,1,1,F,55-64,<100K,0,0,0.002248285
1009,1,1,F,55-64,<100K,0,0,0.001645148
1010,1,1,F,55-64,<100K,0,0,0.00116264
1011,1,1,F,55-64,>100K,0,0,0.003177702
1012,1,1,F,55-64,<100K,0,0,0.002020623
1013,1,1,F,55-64,>100K,0,0,0.007956935
1014,1,0,M,55-64,>100K,0,0,0.001196189
1015,1,1,M,55-64,<100K,0,0,0.000304636
1016,1,1,M,55-64,>100K,0,0,0.001430572
1017,1,1,M,55-64,>100K,0,0,0.00167549
1018,1,1,F,55-64,<100K,0,0,0.000726586
1019,1,1,M,55-64,>100K,0,0,0.00207845
1020,1,1,F,55-64,>100K,0,0,0.001989518
1021,1,1,F,55-64,<100K,0,0,0.004257391
1022,1,1,F,55-64,<100K,0,0,0.000363225
1023,1,1,F,55-64,<100K,0,0,0.000222286
1024,1,1,F,55-64,<100K,0,0,0.001942309
1025,1,1,F,55-64,>100K,0,0,0.114820885
1026,1,1,F,55-64,>100K,0,0,0.006665241
1027,1,1,F,55-64,>100K,0,0,0.002656099
1028,1,1,F,55-64,<100K,0,0,0.006073084
1029,1,0,F,55-64,<100K,0,0,0.000265761
1031,1,1,M,55-64,>100K,0,0,0.001556525
1032,1,1,F,55-64,>100K,0,0,0.000542998
1033,1,1,F,55-64,>100K,0,0,0.002474381
1034,1,1,M,55-64,>100K,0,0,0.013943311
1035,1,1,F,55-64,>100K,0,0,0.001534283
1036,1,1,M,55-64,>100K,0,0,0.001276253
1037,1,1,F,55-64,<100K,0,0,0.001496113
1038,1,0,F,55-64,<100K,0,0,0.009103718
1039,1,1,M,55-64,>100K,0,0,0.001359848
1041,1,1,F,55-64,<100K,0,0,0.003232677
1042,1,1,F,55-64,>100K,0,0,0.033640747
1043,1,1,M,55-64,>100K,0,0,0.00154708
1044,0,1,F,55-64,>100K,0,0,0.002011246
1045,1,1,F,55-64,<100K,0,0,0.002185811
1046,1,1,M,55-64,>100K,0,0,0.010471984
1047,1,1,F,55-64,<100K,0,0,0.124641556
1048,1,1,F,55-64,>100K,0,0,0.000159625
1049,1,1,F,55-64,<100K,0,0,0.000334377
1050,1,1,M,55-64,>100K,0,0,0.001347373
1051,1,1,M,55-64,<100K,0,0,0.001807557
1052,1,1,F,55-64,>100K,0,0,0.001622234
1053,1,1,F,55-64,<100K,0,0,0.000363935
1054,1,1,M,55-64,>100K,0,0,0.002665138
1055,1,1,M,55-64,>100K,0,0,0.000584128
1056,1,1,M,55-64,>100K,0,0,0.141742178
1057,1,1,M,55-64,<100K,0,0,0.001087782
1058,1,1,F,45-54,<100K,0,0,0.000643244
1059,1,0,F,55-64,<100K,0,0,0.003842835
1060,1,1,F,55-64,>100K,0,0,0.000205415
1061,1,1,F,55-64,>100K,0,0,0.001339103
1062,1,1,F,55-64,>100K,0,0,0.011733875
1063,1,1,M,55-64,>100K,0,0,0.010884344
1064,1,1,F,55-64,>100K,0,0,0.061259711
1065,1,0,F,55-64,>100K,0,0,0.008507764
1066,1,1,F,55-64,>100K,0,0,0.000383204
1067,1,1,F,55-64,<100K,0,0,0.001101181
1068,1,1,F,55-64,<100K,0,0,0.121141342
1070,1,1,F,55-64,>100K,0,0,0.001117957
1071,1,1,F,55-64,<100K,0,0,0.004076717
1072,1,1,F,55-64,<100K,0,0,0.002426255
1073,1,1,M,55-64,>100K,0,0,0.048746548
1074,1,0,F,55-64,<100K,0,0,0.002408056
1075,1,1,M,55-64,<100K,0,0,0.000218921
1076,1,1,F,55-64,<100K,0,0,0.001470167
1077,1,1,F,55-64,>100K,0,0,0.00039368
1078,1,1,F,55-64,>100K,0,0,0.003814981
1079,1,1,F,55-64,>100K,0,0,0.010037067
1080,1,0,F,55-64,<100K,0,1,0.365767416
1081,1,1,F,55-64,>100K,0,0,0.004916116
1082,0,1,F,55-64,>100K,0,0,0.003210973
1083,1,1,M,55-64,>100K,0,0,0.001724513
1084,1,1,F,55-64,>100K,0,0,0.003966312
1085,1,1,F,55-64,<100K,0,0,0.009175834
1086,1,1,F,55-64,<100K,0,0,0.000186055
1087,1,1,F,55-64,>100K,0,0,0.000814988
1088,1,1,F,55-64,>100K,0,0,0.001649345
1089,1,1,M,55-64,<100K,0,0,0.001808208
1090,1,1,M,55-64,>100K,0,0,0.029334024
1091,1,0,M,55-64,<100K,0,0,0.00221017
1092,1,0,F,55-64,>100K,0,0,0.000870141
1093,1,1,F,55-64,<100K,0,0,0.000415382
1094,1,1,F,55-64,<100K,0,0,0.00047691
1095,1,1,M,55-64,<100K,0,0,0.001650461
1096,1,0,F,55-64,>100K,0,0,0.001732032
1097,1,1,F,55-64,>100K,0,0,0.005472599
1098,1,1,F,55-64,<100K,0,0,0.004602069
1099,1,1,M,55-64,<100K,0,0,0.000549861
1100,1,1,M,55-64,<100K,0,0,0.001444986
1101,1,1,F,55-64,>100K,0,0,0.001941042
1102,1,1,M,55-64,<100K,0,0,0.000251153
1103,1,0,F,55-64,>100K,0,0,0.024802449
1104,1,1,F,55-64,>100K,0,0,0.000874909
1105,1,1,F,55-64,>100K,0,0,0.001259155
1106,1,1,M,55-64,<100K,0,0,0.001813563
1107,1,1,F,55-64,>100K,0,0,0.002358293
1108,1,1,F,55-64,<100K,0,0,0.00793496
1109,1,1,M,55-64,<100K,0,0,0.000402285
1110,1,1,F,55-64,<100K,0,0,0.006907479
1111,1,1,M,55-64,<100K,0,0,0.000402132
1112,1,1,F,45-54,>100K,0,0,0.1206365
1113,1,1,M,55-64,>100K,0,0,0.0052298
1114,1,1,F,55-64,<100K,0,0,0.005023813
1115,1,0,F,55-64,<100K,0,0,0.001767733
1116,1,1,F,55-64,<100K,0,0,0.000198631
1117,1,1,M,55-64,>100K,0,0,0.001110399
1118,1,1,M,55-64,<100K,0,0,0.006211275
1119,1,1,F,55-64,>100K,0,0,0.001300922
1120,1,1,F,55-64,>100K,0,0,0.000671903
1121,1,1,F,55-64,>100K,0,0,0.003329721
1122,1,1,M,55-64,<100K,0,0,0.002714017
1123,1,0,F,55-64,<100K,0,0,0.007954501
1124,1,1,F,55-64,<100K,0,0,0.000562676
1125,0,1,F,55-64,<100K,0,0,0.00207837
1126,1,1,F,55-64,>100K,0,0,0.001654556
1127,1,1,M,55-64,<100K,0,0,0.001138544
1128,1,1,F,55-64,<100K,0,0,0.002051593
1129,1,1,F,55-64,<100K,0,0,0.006921735
1130,1,1,F,55-64,<100K,0,0,0.000565894
1132,1,1,F,55-64,>100K,0,0,0.017355108
1133,1,1,F,55-64,<100K,0,0,0.006279499
1134,1,1,M,55-64,<100K,0,0,0.002477373
1135,1,1,F,45-54,>100K,0,0,0.002825928
1136,1,1,F,55-64,>100K,0,0,0.000831427
1137,1,1,M,55-64,>100K,0,0,0.001116137
1138,1,1,F,55-64,<100K,0,0,0.005311162
1139,1,1,F,55-64,>100K,0,0,0.000945106
1140,1,1,F,55-64,>100K,0,0,0.002552609
1141,1,1,M,55-64,>100K,0,0,0.002261222
1142,1,1,F,55-64,<100K,0,0,0.007877539
1143,1,1,F,55-64,<100K,0,0,0.000437785
1144,1,1,F,55-64,<100K,0,0,0.008039599
1145,1,1,M,55-64,<100K,0,0,0.000172831
1146,0,1,M,55-64,>100K,0,0,0.016343732
1147,1,1,M,55-64,>100K,0,0,0.001621348
1148,0,1,F,55-64,<100K,0,0,0.001536675
1149,1,1,M,55-64,<100K,0,0,0.003198251
1152,1,1,F,55-64,>100K,0,0,0.004543513
1153,1,1,M,45-54,>100K,0,0,0.000465883
1154,1,0,M,55-64,>100K,0,0,0.001560623
1155,1,0,F,55-64,<100K,0,0,0.001572955
1156,1,1,M,55-64,<100K,0,0,0.001899786
1157,1,1,F,55-64,<100K,0,0,0.007588456
1158,1,1,F,55-64,<100K,0,0,0.001357306
1159,1,1,F,55-64,>100K,0,0,0.002462502
1160,1,1,M,55-64,<100K,0,0,0.000748612
1161,1,1,F,55-64,>100K,0,0,0.00190654
1162,1,1,M,55-64,<100K,0,0,0.000333289
1163,1,0,M,55-64,>100K,0,0,0.274178571
1164,1,1,M,55-64,>100K,0,0,0.006337479
1165,1,1,F,55-64,<100K,0,0,0.001410757
1166,1,1,M,55-64,>100K,0,0,0.002633738
1167,0,1,F,55-64,<100K,0,0,0.00019905
1168,1,0,M,55-64,<100K,0,0,0.002982096
1169,1,1,F,55-64,>100K,0,0,6.66e-05
1170,1,1,F,55-64,>100K,0,0,0.000733789
1171,1,1,M,55-64,>100K,0,0,0.001580401
1172,1,1,M,55-64,<100K,0,0,0.004027031
1173,1,1,F,55-64,>100K,0,0,0.002978887
1174,1,1,M,55-64,>100K,0,0,0.000576374
1175,0,1,M,55-64,<100K,0,0,0.003556927
1176,1,1,F,55-64,>100K,0,0,0.009220847
1177,0,1,F,55-64,>100K,0,0,0.010416818
1178,1,1,F,55-64,<100K,0,0,0.003338881
1179,1,1,F,55-64,<100K,0,0,0.002830398
1180,1,1,M,55-64,<100K,0,0,0.008209869
1181,1,1,F,55-64,>100K,0,0,0.001566018
1182,1,1,M,55-64,>100K,0,0,0.005359541
1183,1,1,F,55-64,<100K,0,0,0.003776251
1184,1,1,F,55-64,<100K,0,0,0.000787343
1185,1,1,F,55-64,>100K,0,0,0.004016406
1186,1,1,F,55-64,<100K,0,0,0.001383161
1187,1,1,M,55-64,>100K,0,0,0.016666929
1188,1,0,M,55-64,<100K,0,0,0.08915468
1189,1,1,F,55-64,>100K,0,0,0.002084476
1190,1,1,M,55-64,<100K,0,0,0.001517256
1191,1,1,F,55-64,<100K,0,0,0.002008092
1192,1,0,M,55-64,<100K,0,0,0.001983388
1193,1,1,F,55-64,<100K,0,0,0.002858944
1194,1,1,M,55-64,<100K,0,0,0.000529298
1195,1,1,F,55-64,>100K,0,0,0.000919951
1196,1,1,M,55-64,>100K,0,0,0.025412257
1197,1,0,F,55-64,<100K,0,0,0.003402935
1198,1,1,F,55-64,>100K,0,0,0.000730827
1199,1,1,F,55-64,>100K,0,0,0.012687288
1200,1,1,M,55-64,<100K,0,0,0.091137119
1201,1,0,F,55-64,<100K,0,0,0.000157073
1202,1,1,M,55-64,>100K,0,0,0.004659198
1203,1,1,F,55-64,<100K,0,0,0.049455867
1204,1,1,F,55-64,>100K,0,0,0.000261693
1205,1,1,F,55-64,<100K,0,0,0.003398005
1206,0,1,F,55-64,<100K,0,0,0.002076529
1207,1,1,M,55-64,>100K,0,0,0.003930684
1208,1,1,F,55-64,>100K,0,0,0.001644681
1209,0,0,F,55-64,<100K,0,0,0.005687632
1210,1,1,F,55-64,<100K,0,0,0.002428602
1211,1,1,F,25-34,<100K,0,0,0.001142689
1212,1,1,M,55-64,>100K,0,0,0.034600538
1213,1,1,F,55-64,<100K,0,0,0.1278646
1214,1,1,F,55-64,<100K,0,0,0.00263057
1215,1,1,F,55-64,>100K,0,0,0.002256747
1216,1,1,F,45-54,<100K,0,0,0.013942805
1217,1,1,M,55-64,<100K,0,0,0.004694624
1218,1,1,F,55-64,<100K,0,0,0.001964215
1219,1,1,M,55-64,<100K,0,0,0.006752946
1220,1,1,M,55-64,>100K,0,0,0.001227063
1221,1,1,M,55-64,<100K,0,0,0.001353825
1222,1,1,F,55-64,<100K,0,0,0.000791094
1223,1,1,F,55-64,<100K,0,0,0.007660897
1224,1,1,F,55-64,<100K,0,0,0.000806931
1225,1,1,M,55-64,<100K,0,0,0.001216308
1226,1,1,M,55-64,<100K,0,0,0.001481606
1227,1,1,F,55-64,>100K,0,0,0.004474885
1228,0,1,M,55-64,>100K,0,0,0.003406888
1229,1,1,M,55-64,<100K,0,0,0.005375198
1230,1,1,F,55-64,<100K,0,0,0.000429499
1231,1,1,M,55-64,<100K,0,0,0.002509054
1232,1,1,F,55-64,>100K,0,0,0.056971322
1233,1,0,F,55-64,>100K,0,0,0.002646048
1234,1,1,M,55-64,>100K,0,0,0.001585538
1235,1,1,M,55-64,>100K,0,0,0.001326676
1236,1,1,F,55-64,<100K,0,0,0.001256866
1237,1,1,F,55-64,>100K,0,0,0.003260128
1238,1,1,F,55-64,>100K,0,0,0.085241965
1239,0,1,F,55-64,>100K,0,0,0.001962172
1240,1,1,M,55-64,>100K,0,0,0.000701987
1241,1,1,M,55-64,<100K,0,0,0.012273886
1242,0,1,F,55-64,<100K,0,0,0.00735152
1243,1,1,F,55-64,<100K,0,0,0.003208775
1244,1,1,F,55-64,>100K,0,0,0.002290462
1245,1,1,F,55-64,>100K,0,0,0.000250818
1246,1,0,F,55-64,<100K,0,0,0.000536432
1247,1,0,M,55-64,<100K,0,0,0.001206634
1249,1,1,F,55-64,>100K,0,0,0.003062048
1251,1,1,M,55-64,>100K,0,0,0.002345957
1252,1,0,F,55-64,<100K,0,0,0.001896887
1253,1,0,F,55-64,<100K,0,0,0.097539635
1254,1,1,M,55-64,<100K,0,0,0.01309299
1255,1,1,F,55-64,<100K,0,0,0.000463138
1256,1,1,F,55-64,<100K,0,0,0.032471045
1257,1,1,M,55-64,<100K,0,0,0.002577769
1258,1,1,M,55-64,>100K,0,0,0.01930093
1259,1,1,F,55-64,<100K,0,0,0.002034189
1260,0,1,M,55-64,<100K,0,0,0.001322431
1261,0,1,F,55-64,<100K,0,0,0.006719117
1262,1,1,F,55-64,>100K,0,0,0.007936816
1263,1,1,F,55-64,<100K,0,0,0.004356144
1264,1,1,M,55-64,>100K,0,0,0.094274842
1265,1,1,M,55-64,<100K,0,0,0.059115532
1266,1,1,M,55-64,>100K,0,0,0.085544496
1267,1,1,F,55-64,>100K,0,0,0.004037909
1268,1,1,F,55-64,>100K,0,0,0.007214216
1269,1,0,F,55-64,>100K,0,0,0.017147457
1270,1,1,F,55-64,>100K,0,0,0.002380614
1271,1,1,M,55-64,<100K,0,0,0.187035025
1272,1,1,F,55-64,>100K,0,0,0.006463518
1273,1,1,F,55-64,<100K,0,0,0.000447888
1274,1,0,F,55-64,>100K,0,0,0.000209733
1275,1,1,M,55-64,>100K,0,0,0.000154624
1276,1,1,F,55-64,>100K,0,0,0.002068839
1277,1,0,M,55-64,>100K,1,0,0.002423976
1278,1,0,F,55-64,<100K,0,0,0.00216717
1279,1,1,F,55-64,<100K,0,0,0.036686136
1280,1,1,F,55-64,>100K,0,0,0.006700265
1281,0,1,F,55-64,>100K,0,0,0.00168007
1282,1,1,F,55-64,<100K,0,0,0.002921201
1283,1,1,M,55-64,>100K,0,0,0.011009963
1284,1,1,F,55-64,>100K,0,0,0.004971227
1285,1,0,F,55-64,>100K,0,0,0.026029285
1286,1,1,M,55-64,<100K,0,0,0.009004911
1287,1,1,F,55-64,<100K,0,0,0.001866096
1288,1,1,F,55-64,>100K,0,0,0.00038403
1289,1,1,F,55-64,<100K,0,0,0.001387034
1290,1,1,M,55-64,>100K,0,0,0.003106465
1291,1,1,M,55-64,<100K,0,0,0.006047284
1292,1,1,F,55-64,<100K,0,0,0.001865509
1293,1,0,F,55-64,>100K,0,0,0.003696726
1294,1,1,F,55-64,>100K,0,0,0.000976712
1295,1,0,F,55-64,<100K,0,0,0.002158188
1296,1,1,F,55-64,<100K,0,0,0.003279663
1297,1,1,F,55-64,<100K,0,0,0.00017846
1298,1,1,M,55-64,>100K,0,0,0.007370958
1299,1,1,F,55-64,<100K,0,0,0.01650458
1300,1,1,M,55-64,<100K,0,0,0.003760161
1301,1,1,F,55-64,<100K,0,0,0.007651553
1302,1,1,F,55-64,<100K,0,0,0.001149646
1303,1,1,F,55-64,>100K,0,0,0.000217429
1304,1,1,F,25-34,>100K,0,0,0.00136583
1305,1,1,F,55-64,<100K,0,0,0.002439483
1306,1,0,F,55-64,>100K,0,0,0.001438326
1307,1,1,F,55-64,>100K,0,0,0.008900973
1308,1,1,M,55-64,>100K,0,0,0.031604742
1309,1,1,F,55-64,<100K,0,0,0.001824634
1310,1,1,M,55-64,>100K,0,0,0.000149181
1311,1,1,M,55-64,>100K,0,0,0.001200416
1312,1,1,M,55-64,<100K,0,0,0.003347043
1313,1,1,M,55-64,<100K,0,0,0.119663449
1314,1,0,F,55-64,<100K,0,0,0.000443061
1315,1,1,F,55-64,<100K,0,0,0.005867749
1316,1,1,M,55-64,<100K,0,0,0.003751338
1317,1,0,F,55-64,>100K,0,0,0.004200647
1318,1,1,M,55-64,<100K,0,0,0.184931305
1320,1,1,F,55-64,<100K,0,0,0.001537831
1321,1,1,M,55-64,<100K,0,0,0.041236374
1322,1,1,F,55-64,>100K,0,0,0.002318475
1323,1,1,M,45-54,>100K,0,0,0.001228314
1325,0,1,M,55-64,<100K,0,0,0.000802071
1326,1,1,F,55-64,>100K,0,0,0.012004733
1327,1,1,M,55-64,>100K,0,0,0.002814166
1328,1,1,M,55-64,>100K,0,0,0.001348152
1329,1,1,F,55-64,<100K,0,0,0.000525015
1330,1,1,M,55-64,<100K,0,0,0.000397496
1331,1,1,F,55-64,>100K,0,0,0.007598691
1332,1,1,M,55-64,<100K,0,0,0.002900481
1333,1,1,F,55-64,<100K,0,0,0.00147672
1334,1,1,F,55-64,>100K,0,0,0.001874091
1335,1,1,M,55-64,>100K,0,0,0.005516343
1336,1,0,F,55-64,<100K,0,0,0.002129775
1337,1,1,M,55-64,>100K,0,0,0.000831963
1338,1,1,F,55-64,>100K,0,0,0.000678038
1339,1,1,F,55-64,<100K,0,0,0.003405331
1340,1,1,F,55-64,<100K,0,0,0.002225087
1341,1,1,F,55-64,<100K,0,0,0.000493629
1342,1,1,F,55-64,<100K,0,0,0.001371841
1343,1,1,F,55-64,<100K,0,0,0.003589662
1344,1,1,F,55-64,>100K,0,0,0.016797898
1345,1,1,F,55-64,<100K,0,0,0.001123633
1346,1,0,F,55-64,<100K,0,0,0.001337822
1347,1,1,F,55-64,>100K,0,0,0.01187501
1348,1,1,F,55-64,<100K,0,0,0.005823793
1349,1,1,F,55-64,>100K,0,0,0.003262024
1350,1,1,F,55-64,<100K,0,0,0.00375986
1351,1,1,M,55-64,<100K,0,0,0.002763597
1352,1,1,M,55-64,<100K,0,0,0.000835783
1353,1,1,F,55-64,<100K,0,0,0.000749391
1354,1,1,M,55-64,<100K,0,0,0.00712082
1355,1,1,F,55-64,<100K,0,0,0.001600266
1356,1,1,F,55-64,>100K,0,0,0.00017106
1357,1,1,M,55-64,>100K,0,0,0.138719781
1358,1,1,F,55-64,<100K,0,0,0.003587918
1359,1,1,F,55-64,>100K,0,0,0.002249139
1360,1,0,M,55-64,<100K,0,0,0.000607261
1361,1,1,F,55-64,>100K,0,0,0.008933597
1362,1,1,M,55-64,<100K,0,0,0.014779831
1363,1,1,F,55-64,>100K,0,0,0.091902071
1364,1,1,F,55-64,>100K,0,0,0.00223722
1365,1,1,M,55-64,<100K,0,0,0.001508656
1366,1,1,F,55-64,>100K,0,0,0.002008285
1367,1,1,F,55-64,>100K,0,0,0.001032712
1368,1,1,F,55-64,>100K,0,0,0.003638947
1369,1,0,F,55-64,<100K,0,0,0.006591518
1370,1,0,F,55-64,<100K,0,0,0.021135646
1371,1,1,M,55-64,<100K,0,0,0.001828328
1372,1,1,M,55-64,>100K,0,0,0.003645589
1373,1,1,M,55-64,>100K,0,0,0.00156946
1374,0,1,F,55-64,<100K,0,0,0.025181603
1375,1,1,F,55-64,>100K,0,0,0.001477986
1377,1,1,F,55-64,>100K,0,0,0.003885734
1378,1,1,M,55-64,>100K,0,0,0.031048235
1379,1,1,F,55-64,<100K,0,0,0.001836008
1380,1,1,M,55-64,>100K,0,0,0.000631424
1381,1,1,F,55-64,>100K,0,0,0.000381321
1382,1,1,F,55-64,<100K,0,0,0.003370871
1383,1,1,F,55-64,<100K,0,0,0.014514147
1384,0,1,F,55-64,>100K,0,0,0.005600226
1385,1,1,M,55-64,>100K,0,0,0.003908559
1386,1,1,F,55-64,>100K,0,0,0.00204867
1387,1,0,F,55-64,>100K,0,0,0.001939668
1388,1,1,F,55-64,>100K,0,0,0.008571054
1389,1,1,F,55-64,<100K,0,0,0.000563779
1390,1,1,F,55-64,<100K,0,0,0.002381328
1391,1,1,F,55-64,>100K,0,0,0.024907793
1392,1,1,F,55-64,<100K,0,0,0.000669624
1393,0,1,F,55-64,<100K,0,0,0.00540361
1394,1,1,F,55-64,<100K,0,0,0.002168581
1395,1,0,F,55-64,<100K,0,0,0.125011021
1396,1,1,M,55-64,>100K,0,0,0.002204368
1397,1,1,F,55-64,<100K,0,0,0.004142394
1398,1,1,F,55-64,>100K,0,0,0.001604319
1399,1,1,F,55-64,>100K,0,0,0.004351175
1400,1,0,M,55-64,<100K,0,0,0.000883821
1401,1,1,F,55-64,>100K,0,0,0.000684082
1402,1,1,M,55-64,<100K,0,0,0.000659582
1403,1,1,F,55-64,>100K,0,0,0.001429185
1404,1,1,M,55-64,<100K,0,0,0.007342515
1405,1,0,F,55-64,>100K,0,0,0.001851632
1406,1,0,F,55-64,<100K,0,0,0.000279956
1407,1,1,M,55-64,<100K,0,0,0.000977104
1408,1,0,F,55-64,<100K,0,0,0.001415044
1409,1,1,F,55-64,>100K,0,0,0.00434062
1410,1,1,M,55-64,<100K,0,0,0.001527315
1411,1,1,F,55-64,<100K,0,0,0.001345807
1413,1,1,F,55-64,>100K,0,0,0.000304633
1414,1,1,M,55-64,<100K,0,0,0.028477609
1415,1,0,F,55-64,<100K,0,0,0.002368713
1416,1,0,M,55-64,<100K,0,0,0.011294927
1417,1,1,F,55-64,<100K,0,0,0.001695038
1418,1,1,F,55-64,>100K,0,0,0.013306483
1419,1,1,F,55-64,<100K,0,0,0.069513501
1420,1,1,F,55-64,<100K,0,0,0.065263275
1421,1,1,M,55-64,<100K,0,0,0.036382286
1422,1,1,F,55-64,>100K,0,0,0.001767355
1423,1,0,M,55-64,>100K,0,0,0.002128158
1425,1,1,M,55-64,>100K,0,0,0.00055371
1426,0,1,F,55-64,>100K,0,0,0.00049037
1427,1,1,F,55-64,<100K,0,0,0.004965671
1428,1,1,M,55-64,>100K,0,0,0.001947634
1429,1,1,F,55-64,>100K,0,0,0.00368297
1430,1,1,F,55-64,<100K,0,0,0.001573248
1431,1,0,F,55-64,>100K,0,0,0.007818946
1432,0,1,M,55-64,>100K,0,0,0.00085615
1433,1,1,F,55-64,<100K,0,0,0.004276942
1434,1,1,M,55-64,<100K,0,0,0.002516062
1435,1,1,M,55-64,<100K,0,0,0.002125753
1436,1,1,M,55-64,<100K,0,0,0.001514229
1437,1,1,M,55-64,<100K,0,0,0.037033883
1439,1,1,F,55-64,<100K,0,0,0.000577781
1440,1,1,M,55-64,<100K,0,0,0.005112872
1441,1,0,M,55-64,<100K,0,0,0.003490996
1442,1,1,M,55-64,>100K,0,0,0.004101589
1443,1,1,M,55-64,>100K,0,0,0.002799128
1444,1,1,M,55-64,>100K,0,0,0.020652802
1445,1,1,F,55-64,<100K,0,0,0.002807511
1446,1,0,M,55-64,<100K,0,0,0.00160238
1447,1,1,M,55-64,<100K,0,0,0.005738064
1448,1,1,M,55-64,>100K,0,0,0.002006761
1449,1,1,F,55-64,>100K,0,0,0.003364122
1450,1,0,F,55-64,<100K,0,0,0.000294227
1451,1,1,M,55-64,<100K,0,0,0.001482289
1452,1,1,F,55-64,<100K,0,0,0.000807698
1453,1,1,M,55-64,<100K,0,0,0.056119505
1454,1,0,M,55-64,<100K,0,0,0.01211707
1455,1,0,F,55-64,<100K,0,0,0.125482279
1456,1,1,M,55-64,<100K,0,0,0.000473077
1457,1,1,M,55-64,>100K,0,0,0.000792629
1458,1,0,M,55-64,<100K,0,0,0.000549247
1459,1,1,F,55-64,<100K,0,0,0.00885853
1460,1,1,M,55-64,<100K,0,0,0.003228554
1461,1,1,F,55-64,<100K,0,0,0.000716249
1462,1,1,M,55-64,>100K,0,0,0.000462239
1463,1,1,M,55-64,<100K,0,0,0.005131509
1464,1,1,F,55-64,>100K,0,0,0.001828838
1465,1,1,M,55-64,>100K,0,0,0.011308694
1466,1,0,M,55-64,<100K,0,0,0.004223879
1467,1,1,F,55-64,>100K,0,0,0.013077044
1468,1,1,F,55-64,<100K,0,0,0.001427187
1469,1,1,F,55-64,<100K,0,0,0.001206959
1470,1,1,M,55-64,<100K,0,0,0.00394447
1472,0,1,M,55-64,>100K,0,0,0.004543853
1473,1,1,F,55-64,<100K,0,0,0.001810995
1474,0,1,F,55-64,<100K,0,0,0.002760318
1475,0,1,F,55-64,>100K,0,0,0.001719958
1476,1,1,F,55-64,<100K,0,0,0.003887749
1477,1,1,F,55-64,<100K,0,0,0.002147746
1478,1,1,M,55-64,>100K,0,0,0.003407424
1479,1,1,F,55-64,>100K,0,0,0.014532411
1480,1,1,F,55-64,>100K,0,0,0.003711349
1481,1,1,M,55-64,<100K,0,0,0.012172434
1482,1,0,M,55-64,>100K,0,0,0.001470347
1483,1,0,F,55-64,<100K,0,0,0.027846454
1484,1,0,F,55-64,<100K,0,0,0.003322536
1485,1,1,M,55-64,<100K,0,0,0.000576902
1486,1,1,F,55-64,>100K,0,0,0.001920752
1487,1,1,F,55-64,<100K,0,0,0.003166351
1488,1,1,F,55-64,>100K,0,0,0.002832351
1489,1,1,F,55-64,>100K,0,0,0.001649977
1490,1,1,M,55-64,>100K,0,0,0.001699602
1491,1,1,F,55-64,>100K,0,0,0.014204733
1492,1,1,F,45-54,<100K,0,0,0.034125325
1493,1,1,M,55-64,>100K,0,0,0.000512581
1494,1,1,M,55-64,<100K,0,0,0.001782399
1495,1,1,F,55-64,>100K,0,0,0.001355296
1496,1,0,M,55-64,>100K,0,0,0.012659587
1497,1,1,F,55-64,>100K,0,0,0.002261916
1498,1,1,F,55-64,<100K,0,0,0.000250298
1499,1,1,F,55-64,>100K,0,0,0.073750119
1500,1,1,F,55-64,<100K,0,0,0.005207078
1501,1,1,F,55-64,<100K,0,0,0.001532811
1502,1,1,M,55-64,<100K,0,0,0.00343382
1503,1,1,F,55-64,>100K,0,0,0.000750604
1504,1,1,F,55-64,>100K,0,0,0.002417162
1505,1,1,M,55-64,>100K,0,0,0.006807345
1506,1,0,F,55-64,<100K,0,0,0.002753282
1507,1,1,M,55-64,>100K,0,0,0.000249908
1508,1,0,M,55-64,<100K,0,0,0.001468596
1510,1,1,F,55-64,>100K,0,0,0.004091038
1511,1,1,F,55-64,<100K,0,0,0.065162446
1512,1,1,F,55-64,>100K,0,0,0.000636422
1513,1,0,F,55-64,>100K,0,0,0.020635176
1514,1,1,F,55-64,>100K,0,0,0.000577929
1515,1,0,F,55-64,>100K,0,0,0.002239387
1516,1,1,M,55-64,<100K,0,0,0.001680397
1517,1,1,F,55-64,<100K,0,0,0.001519964
1518,1,1,M,55-64,>100K,0,0,0.002827052
1519,1,1,M,55-64,<100K,0,0,0.005690067
1520,1,0,F,55-64,<100K,0,0,0.00191299
1521,1,1,F,55-64,>100K,0,0,0.00027841
1522,1,1,M,55-64,>100K,0,0,0.000908462
1523,1,1,M,55-64,<100K,0,0,0.080200935
1524,1,1,M,55-64,>100K,0,0,0.001526166
1525,1,0,F,55-64,>100K,0,0,0.003566386
1526,1,0,F,55-64,<100K,0,0,0.001008354
1527,1,1,M,55-64,<100K,0,0,0.006961504
1528,1,1,M,55-64,<100K,0,0,0.008912686
1529,1,1,M,55-64,>100K,0,0,0.001772992
1530,1,1,F,55-64,<100K,0,0,0.021634643
1531,1,1,M,55-64,>100K,0,0,0.001629063
1532,1,1,M,55-64,>100K,0,0,0.001636125
1533,1,0,F,55-64,<100K,0,0,0.00081303
1534,1,1,F,55-64,>100K,0,0,0.008458527
1535,1,1,M,55-64,>100K,0,0,0.002254522
1536,1,1,F,55-64,>100K,0,0,0.053739037
1537,1,1,F,55-64,>100K,0,0,0.044077186
1538,1,1,F,55-64,<100K,0,0,0.001463663
1539,1,1,M,55-64,<100K,0,0,0.000277846
1540,1,1,M,55-64,>100K,0,0,0.001167483
1541,1,1,M,55-64,<100K,0,0,0.001095318
1542,1,1,M,55-64,>100K,0,0,0.004087989
1543,1,1,M,45-54,>100K,0,0,0.018744757
1544,1,1,F,55-64,>100K,0,0,0.001682835
1545,1,1,F,55-64,>100K,0,0,0.00293706
1546,1,1,M,55-64,<100K,0,0,0.00404938
1547,1,1,F,55-64,>100K,0,0,0.001694636
1548,0,1,F,45-54,<100K,0,0,0.001442928
1549,1,1,M,55-64,>100K,0,0,0.002224974
1550,1,1,M,55-64,>100K,0,0,0.004703876
1551,1,1,M,55-64,>100K,0,0,0.001623335
1552,1,1,M,45-54,>100K,0,0,0.000791187
1553,1,1,F,55-64,<100K,0,0,0.002746008
1554,1,0,F,55-64,<100K,0,0,0.004242925
1555,1,1,F,55-64,<100K,0,0,0.000624944
1556,1,1,F,55-64,>100K,0,0,0.009675538
1557,1,1,F,55-64,<100K,0,0,0.017592349
1558,1,1,F,55-64,<100K,0,0,0.159161642
1559,1,1,M,55-64,>100K,0,0,0.001617308
1560,1,1,M,55-64,>100K,0,0,0.18264079
1561,1,1,F,55-64,>100K,0,0,0.024759775
1562,1,1,F,55-64,>100K,0,0,0.001673115
1563,1,1,M,55-64,>100K,0,0,0.005402994
1564,1,1,F,55-64,<100K,0,0,0.001793337
1565,1,0,F,55-64,<100K,0,0,0.001335678
1566,1,0,F,55-64,<100K,0,0,0.005516006
1567,1,1,M,55-64,>100K,0,0,0.027080251
1568,0,1,F,55-64,>100K,0,0,0.000505803
1569,1,1,M,55-64,>100K,0,0,0.001448619
1570,1,1,F,55-64,<100K,0,0,0.003919312
1571,1,1,F,55-64,>100K,0,0,0.025568804
1572,1,1,F,55-64,>100K,0,0,0.031777226
1573,1,1,F,55-64,<100K,0,0,0.003144521
1574,1,1,F,55-64,<100K,0,0,0.001544055
1575,1,1,M,55-64,>100K,0,0,0.006205838
1576,1,1,F,55-64,<100K,0,0,0.004432875
1577,1,1,F,55-64,>100K,0,0,0.000429353
1578,1,1,F,55-64,>100K,0,0,0.002767442
1579,1,1,M,18-24,>100K,0,0,0.001288838
1580,1,1,M,55-64,>100K,0,0,0.002000545
1581,1,1,F,45-54,>100K,0,0,0.002775386
1582,1,1,F,55-64,>100K,0,0,0.000547688
1583,1,1,M,55-64,<100K,0,0,0.005800115
1584,1,0,F,55-64,>100K,0,0,0.002979078
1585,1,1,F,55-64,<100K,0,0,0.001416954
1586,1,0,F,55-64,<100K,0,0,0.009164203
1587,1,0,F,55-64,>100K,0,0,0.352105142
1588,1,0,F,55-64,>100K,0,0,0.007029165
1589,1,0,F,55-64,>100K,0,0,0.000683704
1590,1,0,M,55-64,>100K,0,0,0.001724014
1591,1,1,M,55-64,<100K,0,0,0.008161182
1592,1,1,F,55-64,<100K,0,0,0.009797406
1593,1,1,F,55-64,>100K,0,0,0.008518534
1594,1,1,F,55-64,<100K,0,0,0.001721899
1595,1,1,M,55-64,<100K,0,0,0.027425966
1596,1,1,F,55-64,>100K,0,0,0.002034107
1597,1,1,M,55-64,<100K,0,0,0.001907391
1598,1,0,F,55-64,>100K,0,0,0.002413335
1599,1,1,F,55-64,>100K,0,0,0.001883106
1600,1,1,M,55-64,<100K,0,0,0.001797235
1601,1,1,M,55-64,<100K,0,0,0.00372288
1602,1,1,M,55-64,>100K,0,0,0.001846259
1603,1,1,M,55-64,<100K,0,0,0.000275314
1604,1,1,F,55-64,<100K,0,0,0.002836624
1605,1,1,M,55-64,<100K,0,0,0.004387355
1606,1,1,F,55-64,>100K,0,0,0.001301877
1607,1,1,F,55-64,<100K,0,0,0.006007247
1608,1,1,M,55-64,<100K,0,0,0.010473666
1609,1,1,F,55-64,<100K,0,0,0.00151315
1610,1,1,M,55-64,>100K,0,0,0.001358667
1611,1,1,M,55-64,<100K,0,0,0.007976213
1612,1,0,F,55-64,<100K,0,0,0.008976394
1613,1,1,F,55-64,>100K,0,0,0.002523791
1614,1,1,F,55-64,>100K,0,0,0.005137329
1615,1,1,M,55-64,>100K,0,0,0.001180024
1616,1,1,F,55-64,>100K,0,0,0.003191193
1617,1,1,M,55-64,>100K,0,0,0.004755288
1618,1,0,F,55-64,>100K,0,0,0.001598966
1619,1,1,F,55-64,>100K,0,0,0.001480915
1620,1,1,M,55-64,>100K,0,0,0.001948312
1621,1,1,F,55-64,>100K,0,0,0.000528868
1622,1,1,M,55-64,<100K,0,0,0.004400164
1623,1,1,F,55-64,>100K,0,0,0.000469574
1624,1,1,F,55-64,<100K,0,0,0.008319297
1625,1,1,F,55-64,<100K,0,0,0.00062513
1626,0,1,F,45-54,<100K,0,0,0.000612105
1627,1,1,F,55-64,>100K,0,0,0.002238426
1629,1,0,F,55-64,>100K,0,0,0.000593899
1630,1,1,M,55-64,<100K,0,0,0.007522526
1631,1,1,F,55-64,>100K,0,0,0.002990561
1632,1,0,F,55-64,<100K,0,0,0.000213226
1633,1,1,M,55-64,>100K,0,0,0.002258789
1634,1,1,F,55-64,<100K,0,0,0.010999116
1635,1,1,F,25-34,>100K,0,0,0.125102481
1636,1,0,F,55-64,<100K,0,0,0.098958441
1638,1,0,F,55-64,<100K,0,0,0.00177464
1639,1,1,F,55-64,<100K,0,0,0.042241637
1640,1,0,F,55-64,>100K,0,0,0.00358178
1641,1,1,F,55-64,>100K,0,0,0.006926341
1642,1,0,M,55-64,>100K,0,0,0.005086489
1643,1,1,M,55-64,>100K,0,0,0.00711605
1644,1,1,M,55-64,<100K,0,0,0.000301365
1645,1,1,M,55-64,>100K,0,0,0.003057811
1646,0,1,M,55-64,<100K,0,0,0.001128662
1647,1,1,M,55-64,>100K,0,0,0.006778434
1648,1,1,F,25-34,>100K,0,0,0.032068939
1649,1,1,M,55-64,<100K,0,0,0.026162867
1650,1,1,M,55-64,<100K,0,0,0.001955732
1651,1,1,F,55-64,<100K,0,0,0.008498115
1652,1,1,M,55-64,<100K,0,0,0.002530954
1653,1,1,M,55-64,<100K,0,0,0.002998043
1654,1,0,M,55-64,<100K,0,0,0.023365301
1655,1,1,F,55-64,<100K,0,0,0.000539652
1656,1,1,M,55-64,>100K,0,0,0.002304803
1657,1,0,M,55-64,<100K,0,0,0.019967592
1658,1,1,M,55-64,>100K,0,0,0.001532963
1659,1,1,F,55-64,>100K,0,0,0.003540799
1660,1,1,F,55-64,>100K,0,0,0.002228079
1661,1,1,F,55-64,>100K,0,0,0.028941951
1662,1,1,M,55-64,<100K,0,0,0.043479412
1663,1,1,M,55-64,<100K,0,0,0.002162513
1664,1,1,F,55-64,>100K,0,0,0.00085113
1665,1,1,M,55-64,<100K,0,0,0.001988944
1666,1,1,M,55-64,>100K,0,0,0.001910067
1667,1,1,F,55-64,>100K,0,0,0.000725919
1668,1,1,F,55-64,<100K,0,0,0.003515742
1669,1,1,F,55-64,>100K,0,0,0.000675516
1670,0,1,F,55-64,>100K,0,0,0.002765368
1671,1,0,F,55-64,<100K,0,0,0.001088334
1673,1,0,M,55-64,<100K,0,0,0.000277323
1674,1,0,M,55-64,<100K,0,0,0.002347605
1675,1,1,F,55-64,<100K,0,0,0.00092091
1676,1,1,M,55-64,>100K,0,0,0.001595964
1677,1,1,M,55-64,<100K,0,0,0.003060888
1678,1,1,M,55-64,<100K,0,0,0.00199692
1679,1,1,F,55-64,>100K,0,0,0.001670612
1680,1,0,F,25-34,>100K,0,0,0.004562711
1681,1,0,F,55-64,<100K,0,0,0.001307556
1682,0,0,F,55-64,<100K,0,0,0.001737214
1683,1,0,F,55-64,<100K,0,0,0.002506066
1684,1,1,F,55-64,>100K,0,0,0.001504841
1685,1,1,F,55-64,<100K,0,0,0.00134705
1686,1,1,F,55-64,<100K,0,0,0.000366013
1687,1,1,F,55-64,<100K,0,0,0.000517342
1688,1,1,M,55-64,<100K,0,0,0.00241227
1689,1,1,F,55-64,>100K,0,0,0.00748404
1690,0,1,M,55-64,<100K,0,0,0.000282104
1691,1,1,M,55-64,<100K,0,0,0.041257965
1692,1,1,M,55-64,>100K,0,0,0.10651069
1693,1,1,F,55-64,>100K,0,0,0.002494672
1694,1,1,F,55-64,>100K,0,0,0.000626619
1695,1,1,F,55-64,>100K,0,0,0.012030449
1696,1,1,M,55-64,>100K,0,0,0.008414324
1697,1,1,F,55-64,<100K,0,0,0.003393837
1698,1,1,F,55-64,<100K,0,0,0.002577608
1699,1,1,M,55-64,>100K,0,0,0.006157
1700,1,1,F,55-64,<100K,0,0,0.000849383
1701,1,1,F,55-64,<100K,0,0,0.001448625
1702,1,1,M,55-64,<100K,0,0,0.005456441
1703,1,1,F,55-64,<100K,0,0,0.000710568
1704,1,1,F,55-64,<100K,0,0,0.000701759
1705,1,1,F,55-64,>100K,0,0,0.000665344
1706,1,1,F,55-64,>100K,0,0,0.002572636
1707,1,1,F,55-64,<100K,0,0,0.000795515
1708,1,1,F,55-64,<100K,0,0,0.000946428
1709,1,1,F,45-54,>100K,0,0,0.001221108
1710,1,1,F,55-64,>100K,0,0,0.001264646
1711,1,0,F,55-64,<100K,0,0,0.005353335
1712,1,1,F,55-64,<100K,0,0,0.011178891
1713,1,1,F,55-64,>100K,0,0,0.002767693
1714,1,1,M,55-64,>100K,0,0,0.019355231
1715,1,1,F,55-64,<100K,0,0,0.000317211
1717,1,1,F,55-64,<100K,0,0,0.00201689
1718,1,1,M,55-64,>100K,0,0,0.001194538
1719,1,1,F,55-64,<100K,0,0,0.003366173
1720,1,1,M,55-64,<100K,0,0,0.001383761
1721,1,1,M,55-64,>100K,0,0,0.001357287
1722,1,1,M,55-64,>100K,0,0,0.003988817
1723,1,1,F,55-64,<100K,0,0,0.057308454
1724,1,1,M,55-64,<100K,0,0,0.008041991
1725,1,1,M,55-64,>100K,0,0,0.001687257
1726,0,1,M,55-64,>100K,0,0,0.001141882
1727,1,0,F,55-64,<100K,0,0,0.003936984
1728,1,1,M,55-64,<100K,0,0,0.005224433
1729,0,1,F,55-64,<100K,0,0,0.00120047
1730,1,1,F,55-64,>100K,0,0,0.001793189
1731,1,1,M,55-64,>100K,0,0,0.002304431
1732,1,1,F,55-64,>100K,0,0,0.001730283
1733,1,1,M,55-64,<100K,0,0,0.003767334
1734,1,1,M,55-64,>100K,0,0,0.001561944
1735,1,1,F,55-64,<100K,0,0,0.009022148
1736,1,1,M,55-64,<100K,0,0,0.001266796
1738,0,1,M,55-64,>100K,0,0,0.022343398
1739,1,1,F,55-64,>100K,0,0,0.006267372
1740,1,0,F,45-54,>100K,0,0,0.000410354
1741,1,1,F,55-64,<100K,0,0,0.006242651
1742,1,1,F,55-64,>100K,0,0,0.00455681
1743,1,1,M,55-64,<100K,0,0,0.003592022
1744,1,1,M,55-64,<100K,0,0,0.002076694
1745,1,1,M,55-64,<100K,0,0,0.000602904
1746,1,1,F,55-64,>100K,0,0,0.001135701
1747,1,1,F,55-64,>100K,0,0,0.021686366
1748,1,1,M,55-64,>100K,0,0,0.002989632
1749,1,1,F,55-64,<100K,0,0,0.006741721
1750,1,1,M,55-64,>100K,0,0,0.008779534
1751,1,1,F,55-64,>100K,0,0,0.001181021
1752,1,1,F,55-64,>100K,0,0,0.008928291
1753,1,1,F,55-64,<100K,0,0,0.002074226
1754,1,1,M,55-64,>100K,0,0,0.004993275
1755,1,1,F,55-64,<100K,0,0,0.003671127
1756,1,1,M,55-64,>100K,0,0,0.001529781
1757,1,1,M,55-64,<100K,0,0,0.002073717
1758,1,1,F,55-64,>100K,0,0,0.116233753
1759,1,0,F,55-64,<100K,0,0,0.002606162
1760,1,1,F,55-64,<100K,0,0,0.000709252
1761,1,1,F,55-64,>100K,0,0,0.005640921
1762,1,1,M,55-64,>100K,0,0,0.000577823
1763,1,1,M,45-54,<100K,0,0,0.004208546
1764,1,1,M,55-64,<100K,0,0,0.001730069
1765,1,1,F,55-64,<100K,0,0,0.001561851
1766,1,1,F,55-64,>100K,0,0,0.002676659
1767,1,1,F,55-64,<100K,0,0,0.001128502
1768,1,1,F,55-64,>100K,0,0,0.029939501
1769,1,1,M,55-64,<100K,0,0,0.007543619
1770,0,1,F,55-64,>100K,0,0,0.001823287
1771,1,1,F,55-64,>100K,0,0,0.073765353
1772,1,1,M,55-64,<100K,0,0,0.001057001
1773,1,1,F,55-64,>100K,0,0,0.004608963
1774,0,0,M,55-64,>100K,0,0,0.006270674
1775,1,1,F,55-64,<100K,0,0,0.001030342
1776,1,1,M,55-64,<100K,0,0,0.00145111
1777,1,1,M,55-64,>100K,0,0,0.004410334
1778,0,1,F,55-64,>100K,0,0,0.001145489
1779,1,1,F,55-64,>100K,0,0,0.009310281
1781,1,1,F,55-64,<100K,0,0,0.019602742
1782,1,1,F,55-64,<100K,0,0,0.002019102
1783,1,0,F,55-64,<100K,0,0,0.001845368
1784,1,1,F,55-64,<100K,0,0,0.001022891
1785,1,1,F,55-64,>100K,0,0,0.001323139
1786,1,1,F,55-64,>100K,0,0,0.00111025
1787,1,1,F,55-64,>100K,0,0,0.037443017
1788,1,1,F,55-64,<100K,0,0,0.002349208
1789,1,1,F,55-64,>100K,0,0,0.022148852
1790,1,1,M,55-64,>100K,0,0,0.001090197
1791,1,1,F,55-64,<100K,0,0,0.0031304
1792,1,0,F,55-64,<100K,0,0,0.002456263
1793,1,1,F,55-64,>100K,0,0,0.003776016
1794,1,1,F,55-64,<100K,0,0,0.004505496
1795,1,1,F,55-64,<100K,0,0,0.015800321
1796,1,1,M,55-64,>100K,0,0,0.001613023
1797,1,1,F,55-64,>100K,0,0,0.00058104
1798,1,1,F,55-64,<100K,0,0,0.002340583
1799,1,1,M,55-64,>100K,0,0,0.006968834
1800,1,1,F,55-64,>100K,0,0,0.008942222
1801,1,1,F,55-64,>100K,0,0,0.002154489
1802,1,1,F,55-64,>100K,0,0,0.005284415
1803,1,1,F,55-64,>100K,0,0,0.002569548
1804,1,1,F,55-64,>100K,0,0,0.001471003
1805,1,1,M,55-64,>100K,0,0,0.005686462
1806,1,1,M,55-64,<100K,0,0,0.000449615
1807,1,1,M,55-64,<100K,0,0,0.001948705
1808,1,1,M,55-64,>100K,0,0,0.001300493
1809,1,1,F,55-64,<100K,0,0,0.002480749
1811,1,1,F,55-64,>100K,0,0,0.000851782
1812,1,1,F,55-64,>100K,0,0,0.086935589
1813,1,0,F,55-64,<100K,0,0,0.000421683
1814,1,1,F,55-64,>100K,0,0,0.001331969
1815,1,1,F,55-64,<100K,0,0,0.001555986
1816,0,1,F,55-64,<100K,0,0,0.000512615
1817,1,1,F,55-64,<100K,0,0,0.013664311
1818,1,1,M,55-64,<100K,0,0,0.000652945
1819,1,1,M,55-64,>100K,0,0,0.000207691
1820,1,1,F,55-64,>100K,0,0,0.028033138
1821,1,1,F,55-64,>100K,0,0,0.03229882
1822,1,1,M,55-64,<100K,0,0,0.002067987
1823,1,1,F,55-64,<100K,0,0,0.001650708
1824,1,1,F,55-64,<100K,0,0,0.004068267
1825,1,1,F,55-64,>100K,0,0,0.001050282
1826,1,1,F,55-64,>100K,0,0,0.013392656
1827,1,0,M,55-64,>100K,0,0,0.00478963
1828,1,0,F,55-64,>100K,0,0,0.002401764
1829,1,1,F,55-64,>100K,0,0,0.001552279
1830,1,1,F,55-64,>100K,0,0,0.007890308
1831,0,1,F,55-64,<100K,0,0,0.002412761
1832,1,1,M,55-64,>100K,0,0,0.001415281
1833,1,1,F,55-64,<100K,0,0,0.004894461
1834,1,1,F,25-34,<100K,0,0,0.000985494
1835,1,1,F,55-64,<100K,0,0,0.002715239
1836,1,1,M,55-64,<100K,0,0,0.036466798
1837,1,1,M,55-64,<100K,0,0,0.005282137
1838,1,1,M,55-64,<100K,0,0,0.001758531
1839,1,1,F,55-64,>100K,0,0,0.000620173
1840,1,1,M,55-64,<100K,0,0,0.002520224
1841,1,1,F,55-64,<100K,0,0,0.001821396
1842,1,0,M,55-64,>100K,0,0,0.000473863
1843,1,1,M,55-64,>100K,0,0,0.001970221
1844,1,0,M,55-64,<100K,1,0,0.006593739
1845,1,0,F,55-64,<100K,0,0,0.005439238
1846,1,1,M,55-64,<100K,0,0,0.001502715
1847,1,1,M,55-64,>100K,0,0,0.004252507
1848,1,0,F,55-64,<100K,0,0,0.003157976
1849,1,1,F,55-64,>100K,0,0,0.00057073
1850,1,1,M,55-64,>100K,0,0,0.003361556
1851,1,1,F,55-64,<100K,0,0,0.060495101
1852,1,1,F,55-64,<100K,0,0,0.001454083
1853,1,1,F,55-64,>100K,0,0,0.004562974
1854,1,1,M,55-64,<100K,0,0,0.004665956
1855,1,1,M,55-64,>100K,0,0,0.002717619
1856,1,1,M,55-64,>100K,0,0,0.003969249
1857,1,0,F,45-54,>100K,0,0,0.002282137
1858,1,0,F,55-64,<100K,0,0,0.089875678
1859,1,1,F,55-64,<100K,0,0,0.002068635
1860,1,1,M,55-64,>100K,0,0,0.001451569
1861,1,1,F,55-64,<100K,0,0,0.001291066
1862,1,1,F,55-64,<100K,0,0,0.005164401
1863,0,0,M,55-64,<100K,0,0,0.006064448
1864,1,1,F,55-64,>100K,0,0,0.000448258
1865,1,1,M,55-64,<100K,0,0,0.048389106
1866,1,1,F,55-64,>100K,0,0,0.007615897
1867,1,1,F,55-64,<100K,0,0,0.091511377
1868,1,1,F,55-64,>100K,0,0,0.002203922
1869,1,1,F,55-64,<100K,0,0,0.001518556
1870,1,1,M,55-64,<100K,0,0,0.002782849
1871,1,1,F,55-64,>100K,0,0,0.002338408
1872,1,1,F,55-64,<100K,0,0,0.002036079
1873,1,1,F,55-64,>100K,0,0,0.001429242
1874,1,1,M,55-64,>100K,0,0,0.001719039
1875,1,1,M,55-64,>100K,0,0,0.000625609
1876,0,1,F,55-64,<100K,0,0,0.003235139
1877,1,1,M,55-64,>100K,0,0,0.004359853
1878,1,0,M,55-64,>100K,0,0,0.003097153
1879,1,1,M,55-64,>100K,0,0,0.002393057
1880,1,1,M,55-64,<100K,0,0,0.002240789
1881,1,1,F,55-64,>100K,0,0,0.029844844
1882,1,1,F,55-64,>100K,0,0,0.000809898
1883,1,0,F,55-64,>100K,0,0,0.003300537
1884,1,1,M,55-64,>100K,0,0,0.001641058
1885,1,1,F,55-64,<100K,0,0,0.000739106
1886,1,1,F,55-64,<100K,0,0,0.000925363
1887,1,1,F,25-34,<100K,0,0,0.009090357
1888,1,1,F,55-64,<100K,0,0,0.041019348
1889,1,1,F,55-64,>100K,0,0,0.002136072
1890,1,1,F,55-64,<100K,0,0,0.001657857
1891,1,1,F,55-64,<100K,0,0,0.000576357
1892,1,1,F,55-64,>100K,0,0,0.003601903
1893,1,1,M,55-64,>100K,0,0,0.002443426
1894,1,1,F,55-64,>100K,0,0,0.001415515
1895,1,1,M,55-64,>100K,0,0,0.006479658
1896,1,1,F,55-64,>100K,0,0,0.020782137
1897,1,1,F,55-64,>100K,0,0,0.00329202
1898,1,1,F,55-64,>100K,0,0,0.030534251
1899,1,0,M,55-64,<100K,0,0,0.003197921
1900,1,1,M,55-64,>100K,0,0,0.00193723
1901,1,1,M,55-64,>100K,0,0,0.001047687
1902,1,1,M,55-64,<100K,0,0,0.037960235
1903,1,1,F,55-64,<100K,0,0,0.002607668
1904,1,1,F,55-64,>100K,0,0,0.001705657
1905,1,0,F,55-64,<100K,0,0,0.00058583
1906,1,0,F,55-64,<100K,0,0,0.049418959
1907,1,1,M,55-64,<100K,0,0,0.001350492
1909,1,1,F,55-64,>100K,0,0,0.005492314
1910,1,1,F,55-64,>100K,0,0,0.003041606
1911,1,1,M,55-64,>100K,0,0,0.004003504
1912,1,1,F,55-64,>100K,0,0,0.001371178
1913,1,1,F,55-64,>100K,0,0,0.001740963
1914,1,1,F,25-34,<100K,0,0,0.001426667
1915,1,1,M,55-64,>100K,0,0,0.000602594
1916,1,1,F,55-64,<100K,0,0,0.003036306
1917,1,1,F,55-64,>100K,0,0,0.002165379
1918,1,1,F,55-64,>100K,0,0,0.004859187
1919,1,1,M,55-64,>100K,0,0,0.004278952
1920,1,1,M,55-64,<100K,0,0,0.0019879
1921,1,1,F,55-64,<100K,0,0,0.006677721
1922,1,1,M,55-64,<100K,0,0,0.001883483
1923,1,1,F,55-64,<100K,0,0,0.010685204
1924,1,1,F,55-64,<100K,0,0,0.001240997
1925,0,0,F,55-64,<100K,0,0,0.001575777
1926,1,1,M,55-64,<100K,0,0,0.005011683
1927,1,1,F,55-64,>100K,0,0,0.002835102
1928,1,1,F,55-64,<100K,0,0,0.009595132
1929,1,1,F,55-64,>100K,0,0,0.001870359
1930,1,1,F,55-64,<100K,0,0,0.00043953
1931,1,1,M,55-64,<100K,0,0,0.001803938
1932,1,1,F,55-64,<100K,0,0,0.002686625
1933,1,1,F,55-64,<100K,0,0,0.003739183
1934,1,1,F,55-64,<100K,0,0,0.044920426
1935,1,1,F,55-64,>100K,0,0,0.001554614
1936,1,1,F,55-64,<100K,0,0,0.00122124
1937,1,1,F,55-64,<100K,0,0,0.0025052
1938,1,1,F,55-64,<100K,0,0,0.000932457
1939,1,0,F,55-64,>100K,0,0,0.001275604
1940,1,1,M,55-64,>100K,0,0,0.003451122
1941,1,1,F,55-64,<100K,0,0,0.001521972
1942,1,1,F,55-64,<100K,0,0,0.001757678
1943,1,1,F,55-64,>100K,0,0,0.016842923
1944,1,1,F,55-64,>100K,0,0,0.000420441
1945,1,1,F,55-64,>100K,0,0,0.000553312
1946,1,1,M,55-64,>100K,0,0,0.002295129
1947,1,1,F,55-64,>100K,0,0,0.045969375
1948,1,0,M,45-54,<100K,0,0,0.001916086
1949,0,0,F,55-64,<100K,0,0,0.00194905
1950,1,1,F,55-64,>100K,0,0,0.001784786
1951,1,1,F,55-64,<100K,0,0,0.003890838
1952,1,1,M,55-64,>100K,1,1,0.664570354
1953,1,1,M,55-64,<100K,0,0,0.004182209
1954,1,1,F,55-64,>100K,0,0,0.002247968
1955,0,0,F,55-64,<100K,0,0,0.000609584
1956,1,1,F,55-64,<100K,0,0,0.001460707
1957,1,1,F,55-64,>100K,0,0,0.001216355
1958,1,1,M,55-64,<100K,0,0,0.002903308
1959,1,1,M,55-64,>100K,0,0,0.030628001
1960,1,0,F,55-64,<100K,0,0,0.000520884
1961,1,1,M,55-64,<100K,0,0,0.003041406
1962,1,1,F,55-64,>100K,0,0,0.004018237
1963,1,1,F,55-64,<100K,0,0,0.011434255
1964,1,0,F,55-64,>100K,0,0,0.00326021
1965,1,1,F,55-64,<100K,0,0,0.009340043
1966,1,1,F,55-64,<100K,0,0,0.000934591
1967,1,1,F,55-64,>100K,0,0,0.017554791
1968,1,1,F,55-64,<100K,0,0,0.000318218
1969,1,1,F,55-64,<100K,0,0,0.003059833
1970,1,1,F,55-64,<100K,0,0,0.003476779
1971,1,1,M,55-64,>100K,0,0,0.006883925
1972,1,1,F,55-64,<100K,0,0,0.006346848
1973,1,1,F,55-64,>100K,0,0,0.001796809
1974,1,1,F,55-64,>100K,0,0,0.004076871
1975,1,1,F,55-64,<100K,0,0,0.002746944
1976,1,1,F,55-64,>100K,0,0,0.001810539
1977,1,0,F,55-64,>100K,0,0,0.002018876
1978,1,1,M,55-64,>100K,0,0,0.002634597
1979,1,1,F,55-64,<100K,0,0,0.003851801
1980,1,1,M,55-64,<100K,0,0,0.001984484
1982,1,0,F,55-64,<100K,0,0,0.010938478
1983,1,1,F,55-64,>100K,0,0,0.001326557
1984,1,1,F,55-64,>100K,0,0,0.001627007
1985,1,1,M,55-64,<100K,0,0,0.002835015
1986,1,1,M,55-64,>100K,0,0,0.001162261
1987,1,1,F,55-64,>100K,0,0,0.108738684
1988,1,1,F,55-64,>100K,0,0,0.008826748
1989,1,1,F,55-64,>100K,0,0,0.002270901
1990,1,1,F,55-64,<100K,0,0,0.001564418
1991,1,0,F,55-64,<100K,0,0,0.067428961
1992,1,1,F,55-64,<100K,0,0,0.000704892
1993,1,1,F,55-64,>100K,0,0,0.001826588
1994,0,1,F,55-64,>100K,0,0,0.013000524
1995,1,1,M,55-64,>100K,0,0,0.000865245
1996,1,1,M,55-64,<100K,0,0,0.000265343
1997,1,1,F,55-64,<100K,0,0,0.000444345
1998,1,1,M,55-64,<100K,0,0,0.001550438
1999,1,1,M,55-64,>100K,0,0,0.001880308
2000,1,1,F,55-64,>100K,0,0,0.003863682
2001,1,1,F,55-64,>100K,0,0,0.00231326
2002,1,1,F,55-64,<100K,0,0,0.004125927
2003,1,1,F,55-64,>100K,0,0,0.001608276
2004,1,1,M,55-64,>100K,0,0,0.027334779
2005,1,1,M,55-64,>100K,0,0,0.008820887
2006,1,0,F,55-64,>100K,0,0,0.002004173
2007,1,1,M,55-64,<100K,0,0,0.002025193
2008,1,1,M,55-64,<100K,0,0,0.00165713
2009,1,1,F,55-64,>100K,0,0,0.002056897
2010,1,1,M,55-64,<100K,0,0,0.002777652
2011,1,0,M,55-64,<100K,0,0,0.000153395
2012,1,0,F,55-64,>100K,0,0,0.163227082
2013,1,1,M,55-64,>100K,0,0,0.001686145
2014,0,1,M,55-64,<100K,0,0,0.002077182
2015,1,1,M,55-64,<100K,0,0,0.002334817
2016,1,0,F,55-64,>100K,0,0,0.008723286
2017,1,1,F,55-64,>100K,0,0,0.002742806
2018,1,1,F,55-64,<100K,0,0,0.000351552
2019,1,1,F,55-64,<100K,0,0,0.015758864
2020,1,1,F,55-64,>100K,0,0,0.000243521
2021,1,1,F,55-64,<100K,0,0,0.001494041
2022,1,1,F,55-64,>100K,0,0,0.001780699
2023,1,1,F,55-64,<100K,0,0,0.002799306
2024,1,1,F,55-64,<100K,0,0,0.001535392
2026,1,1,M,55-64,>100K,0,0,0.00077419
2028,1,1,F,55-64,>100K,0,0,0.002396427
2029,1,1,M,55-64,<100K,0,0,0.041473914
2030,1,1,M,55-64,>100K,0,0,0.001858558
2031,1,1,M,55-64,<100K,0,0,0.051277456
2032,1,1,M,55-64,<100K,0,0,0.001507808
2033,1,1,F,55-64,>100K,0,0,0.002572788
2034,1,1,F,55-64,>100K,0,0,0.001071952
2035,1,0,F,55-64,>100K,0,0,0.036957127
2036,1,1,F,25-34,<100K,0,0,0.001134468
2037,1,1,F,55-64,<100K,0,0,0.003420899
2038,1,1,M,55-64,>100K,0,0,0.001850129
2039,1,1,M,55-64,<100K,0,0,0.016073819
2040,1,1,F,45-54,<100K,0,0,0.001860346
2041,1,1,F,55-64,>100K,0,0,0.003738979
2043,1,0,F,55-64,>100K,0,0,0.107061317
2044,1,1,F,55-64,<100K,0,0,0.003325351
2045,1,1,F,55-64,>100K,0,0,0.002068692
2046,1,1,F,55-64,>100K,0,0,0.021987014
2047,1,1,F,55-64,>100K,0,0,0.000396954
2048,1,0,F,55-64,>100K,0,0,0.146210189
2049,1,0,M,55-64,>100K,0,0,0.00405404
2050,1,1,F,55-64,<100K,0,0,0.001509129
2051,1,1,M,55-64,>100K,0,0,0.019022597
2052,1,1,F,55-64,<100K,0,0,0.000785025
2053,0,1,F,55-64,<100K,0,0,0.001740937
2054,1,1,F,55-64,<100K,0,0,0.006314668
2055,1,1,M,55-64,>100K,0,0,0.010261535
2056,1,0,M,55-64,>100K,0,0,0.006262073
2057,1,1,F,55-64,<100K,0,0,0.041146473
2058,1,1,F,55-64,>100K,0,0,0.004699102
2059,1,1,F,55-64,<100K,0,0,0.114249961
2060,0,1,F,55-64,<100K,0,0,0.083093118
2061,1,1,F,55-64,>100K,0,0,0.000720245
2062,0,1,F,55-64,>100K,0,0,0.00102921
2063,1,1,M,55-64,<100K,0,0,0.002816292
2064,1,1,F,55-64,>100K,0,0,0.002355687
2065,1,1,M,55-64,<100K,0,0,0.001104164
2066,1,0,F,55-64,<100K,0,0,0.001845935
2068,1,1,M,55-64,<100K,0,0,0.001144835
2069,1,1,F,55-64,<100K,0,0,0.002279687
2070,1,0,F,55-64,>100K,0,0,0.003328159
2071,1,1,M,55-64,<100K,0,0,0.054029823
2072,1,0,F,55-64,<100K,0,0,0.007584868
2073,0,1,M,55-64,<100K,0,0,0.002445936
2074,1,1,M,55-64,>100K,0,0,0.001738947
2075,1,1,F,55-64,>100K,0,0,0.001172063
2076,1,1,F,55-64,>100K,0,0,0.002551824
2077,1,1,F,55-64,>100K,0,0,0.001106196
2078,1,1,F,55-64,<100K,0,0,0.002352662
2079,1,1,M,55-64,<100K,0,0,0.015040343
2080,1,1,M,55-64,<100K,0,0,0.00131613
2081,1,1,F,55-64,<100K,0,0,0.041117095
2082,1,1,M,55-64,<100K,0,0,0.004349279
2083,1,0,M,55-64,<100K,0,0,0.001714811
2084,1,1,F,55-64,<100K,0,0,0.001367343
2085,1,1,F,55-64,<100K,0,0,0.002099035
2086,1,1,M,55-64,>100K,0,0,0.007322969
2087,1,1,M,55-64,<100K,0,0,0.001705552
2088,1,1,F,55-64,<100K,0,0,0.003282519
2089,1,1,F,55-64,>100K,0,0,0.001889875
2090,1,1,F,55-64,<100K,0,0,0.002718824
2091,1,1,M,55-64,<100K,0,0,0.000540609
2092,1,1,F,55-64,<100K,0,0,0.000828411
2093,1,1,F,55-64,<100K,0,0,0.006282986
2094,1,1,F,55-64,>100K,0,0,0.001603175
2095,1,1,F,55-64,>100K,0,0,0.003140728
2096,1,1,M,55-64,<100K,0,0,0.001674469
2097,1,1,F,55-64,<100K,0,0,0.002148359
2098,1,0,F,55-64,<100K,0,0,0.001379923
2099,1,1,M,55-64,<100K,0,0,0.00196883
2100,1,1,F,55-64,>100K,0,0,0.003342406
2101,1,1,F,55-64,>100K,0,0,0.001359547
2102,1,0,F,55-64,>100K,0,0,0.001187197
2103,1,1,F,55-64,<100K,0,0,0.002740438
2104,1,1,M,55-64,<100K,0,0,0.001252956
2105,1,1,M,25-34,<100K,0,0,0.001625932
2106,1,1,M,55-64,>100K,0,0,0.056533018
2107,1,1,F,55-64,>100K,0,0,0.02134523
2108,1,1,F,55-64,<100K,0,0,0.004352164
2109,1,0,F,55-64,<100K,0,0,0.006368453
2110,1,1,M,55-64,<100K,0,0,0.002246152
2111,1,1,F,55-64,<100K,0,0,0.001540279
2112,1,1,M,55-64,<100K,0,0,0.001320026
2113,1,1,F,55-64,<100K,0,0,0.000340862
2114,1,0,M,55-64,>100K,0,0,0.00829881
2115,1,1,M,55-64,<100K,0,0,0.045123185
2116,1,1,F,55-64,<100K,0,0,0.000624584
2117,1,1,F,55-64,>100K,0,0,0.00021032
2118,1,0,F,55-64,>100K,0,0,0.000590092
2119,1,1,F,55-64,>100K,0,0,0.003970437
2120,1,1,F,55-64,>100K,0,0,0.002185223
2121,0,1,F,55-64,>100K,0,0,0.001702392
2122,1,1,F,55-64,<100K,0,0,0.000359424
2123,1,1,F,55-64,<100K,0,0,0.000697478
2124,1,1,F,55-64,>100K,0,0,0.001402407
2125,1,1,F,55-64,<100K,0,0,0.00068228
2126,1,1,F,55-64,<100K,0,0,0.030557001
2127,1,1,F,55-64,>100K,0,0,0.000841561
2128,0,1,F,55-64,>100K,0,0,0.021208373
2130,1,1,M,55-64,>100K,0,0,0.001284647
2131,0,1,F,55-64,>100K,0,0,0.001120029
2132,1,0,M,55-64,>100K,0,0,0.000177592
2133,1,1,F,55-64,<100K,0,0,0.000382396
2134,1,1,F,55-64,>100K,0,0,0.00149793
2135,1,1,F,55-64,>100K,0,0,0.044991441
2136,1,1,F,55-64,>100K,0,0,0.15532778
2137,1,1,M,55-64,<100K,0,0,0.000147394
2138,1,1,M,55-64,>100K,0,0,0.002225428
2139,1,1,F,55-64,<100K,0,0,0.029299654
2140,1,1,F,55-64,>100K,0,0,0.003147215
2141,1,1,F,55-64,>100K,0,0,0.001635149
2142,1,1,F,55-64,<100K,0,0,0.003283727
2143,1,0,M,55-64,<100K,0,0,0.000686764
2144,1,1,F,55-64,>100K,0,0,0.008891637
2145,1,1,F,55-64,<100K,0,0,0.011282699
2146,1,1,F,25-34,>100K,0,0,0.001783946
2147,1,1,M,45-54,>100K,0,0,9.43e-05
2148,0,1,M,18-24,<100K,0,0,0.000845095
2150,1,1,F,55-64,<100K,0,0,0.001499178
2151,1,1,M,55-64,>100K,0,0,0.001026977
2152,1,0,M,55-64,>100K,0,0,0.007774404
2153,1,1,M,55-64,<100K,0,0,0.004581055
2156,1,1,F,55-64,>100K,0,0,0.002782514
2157,1,1,M,55-64,<100K,0,0,0.073178837
2158,1,1,F,55-64,>100K,0,0,0.000440012
2159,1,0,M,55-64,>100K,0,0,0.002287564
2160,1,1,F,55-64,<100K,0,0,0.007574153
2161,1,1,M,55-64,>100K,0,0,0.066397083
2162,1,1,F,55-64,>100K,0,0,0.001247654
2163,1,1,F,55-64,>100K,0,0,0.013409995
2164,1,0,M,55-64,<100K,0,0,0.002176638
2165,1,1,M,55-64,>100K,0,0,0.007598591
2166,1,0,F,55-64,>100K,0,0,0.010425018
2167,1,1,M,55-64,<100K,0,0,0.001869498
2168,1,1,F,55-64,>100K,0,0,0.01198297
2169,1,1,F,55-64,<100K,0,0,0.001667119
2170,1,1,F,55-64,>100K,0,0,0.001681018
2171,1,1,F,55-64,>100K,0,0,0.000952686
2172,1,1,M,25-34,<100K,0,0,0.001738975
2173,1,1,F,55-64,>100K,0,0,0.001754064
2174,1,1,M,55-64,>100K,0,0,0.001415049
2175,1,1,M,55-64,<100K,0,0,0.019867906
2176,1,1,F,55-64,<100K,0,0,0.002745123
2177,1,1,M,55-64,<100K,0,0,0.002529203
2178,1,1,M,55-64,>100K,0,0,0.002327347
2179,1,1,F,55-64,<100K,0,0,0.004078001
2180,1,1,M,55-64,<100K,0,0,0.006652406
2181,1,1,F,55-64,>100K,0,0,0.007749215
2182,1,1,F,55-64,<100K,0,0,0.006247624
2183,1,1,F,55-64,>100K,0,0,0.000214973
2184,0,1,F,55-64,>100K,0,0,0.000570018
2185,1,1,M,55-64,>100K,0,0,0.003680358
2186,1,0,F,55-64,>100K,0,0,0.092769484
2187,1,1,F,55-64,>100K,0,0,0.024498141
2188,1,1,F,55-64,>100K,0,0,0.020035419
2189,1,1,F,55-64,>100K,0,0,0.001161959
2190,1,1,F,55-64,<100K,0,0,0.001527444
2191,1,1,F,55-64,>100K,0,0,0.001566976
2192,1,1,M,55-64,<100K,0,0,0.000669361
2193,1,1,M,55-64,<100K,0,0,0.211119301
2194,1,1,M,55-64,<100K,0,0,0.001583586
2195,1,1,F,55-64,>100K,0,0,0.000664422
2196,1,1,F,25-34,<100K,0,0,0.023301811
2197,1,1,F,55-64,>100K,0,0,0.004569234
2198,1,1,F,55-64,>100K,0,0,0.001498914
2199,1,1,F,55-64,>100K,0,0,0.003154664
2200,1,1,F,55-64,<100K,0,0,0.007213007
2201,0,1,F,55-64,>100K,0,0,0.000880055
2202,1,1,M,55-64,>100K,0,0,0.001818758
2203,1,0,F,55-64,>100K,0,0,0.001112292
2204,1,0,F,55-64,>100K,0,0,0.001490719
2205,1,1,M,55-64,<100K,0,0,0.005909723
2206,1,1,F,55-64,>100K,0,0,0.047655747
2207,1,1,M,45-54,>100K,0,0,0.019602007
2208,0,1,F,55-64,>100K,0,0,0.141413426
2209,1,1,F,55-64,<100K,0,0,0.002164297
2210,1,1,M,55-64,>100K,0,0,0.001134693
2211,1,1,F,55-64,<100K,0,0,0.004970161
2212,1,1,F,55-64,<100K,0,0,0.004825129
2213,1,1,M,55-64,<100K,0,0,0.000583936
2214,1,1,F,55-64,<100K,0,0,0.00137796
2215,1,1,F,55-64,<100K,0,0,0.010966432
2216,1,1,M,55-64,>100K,0,0,0.003103485
2217,1,1,F,55-64,<100K,0,0,0.001718315
2218,1,1,F,55-64,<100K,0,0,0.001281033
2219,1,1,F,55-64,<100K,0,0,0.002761962
2220,1,1,M,55-64,<100K,0,0,0.001802736
2221,1,1,M,55-64,>100K,0,0,0.001062362
2222,1,1,M,55-64,<100K,0,0,0.005876784
2223,1,1,M,55-64,<100K,0,0,0.000672466
2224,1,1,F,55-64,>100K,0,0,0.00304426
2225,1,1,F,55-64,>100K,0,0,0.001716946
2226,1,1,M,55-64,>100K,0,0,0.001159827
2227,1,1,F,55-64,>100K,0,0,0.080361248
2228,1,1,M,55-64,<100K,0,0,0.172877892
2229,1,1,F,55-64,>100K,0,0,0.001396636
2230,1,1,F,55-64,>100K,0,0,0.001634217
2231,1,1,M,55-64,>100K,0,0,0.002245344
2232,1,1,F,55-64,<100K,0,0,0.0007872
2233,1,1,M,55-64,<100K,0,0,0.001369384
2234,1,1,F,55-64,>100K,0,0,0.000772522
2235,1,1,F,55-64,<100K,0,0,0.002399134
2236,1,1,F,55-64,>100K,0,0,0.001743974
2237,1,1,F,55-64,<100K,0,0,0.015158566
2238,1,1,M,55-64,>100K,0,0,0.000507179
2239,1,1,F,55-64,>100K,0,0,0.000270305
2241,1,1,F,55-64,<100K,0,0,0.001957064
2242,1,1,M,55-64,>100K,0,0,0.0036562
2243,1,1,F,55-64,>100K,0,0,0.001712405
2245,1,1,M,55-64,<100K,0,0,0.001504893
2246,1,1,M,55-64,<100K,0,0,0.005071202
2247,1,1,F,55-64,<100K,0,0,0.000136776
2248,1,1,M,55-64,<100K,0,0,0.002258691
2249,1,1,F,55-64,<100K,0,0,0.001562985
2250,1,1,F,55-64,>100K,0,0,0.006135345
2251,0,1,M,55-64,>100K,0,0,0.001241502
2252,1,1,M,55-64,<100K,0,0,0.002210218
2254,1,1,M,55-64,>100K,0,0,0.000559049
2255,1,1,F,55-64,>100K,0,0,0.00183648
2256,1,1,F,55-64,>100K,0,0,0.001352988
2257,1,1,F,55-64,<100K,0,0,0.006319254
2258,1,1,F,55-64,>100K,0,0,0.00173949
2259,1,1,F,55-64,>100K,0,0,0.001578124
2260,1,1,M,55-64,>100K,0,0,0.006209134
2261,1,1,F,55-64,<100K,0,0,0.001915119
2262,1,1,F,55-64,>100K,0,0,0.001752792
2263,1,0,F,55-64,>100K,0,0,0.001146326
2264,1,1,F,55-64,>100K,0,0,0.002449583
2265,1,1,F,55-64,>100K,0,0,0.002306673
2266,1,1,M,55-64,>100K,0,0,0.005439831
2267,1,1,F,55-64,<100K,0,0,0.002857605
2268,1,1,F,55-64,<100K,0,0,0.002767715
2269,1,1,M,55-64,<100K,0,0,0.000933054
2270,0,1,F,55-64,>100K,0,0,0.001496429
2271,1,1,M,55-64,<100K,0,0,0.27153512
2272,1,1,F,55-64,>100K,0,0,0.008068468
2273,1,0,M,55-64,>100K,0,0,0.001637014
2274,1,1,F,55-64,>100K,0,0,0.001269715
2275,1,1,M,55-64,<100K,0,0,0.002959424
2276,1,1,F,55-64,<100K,0,0,0.002986836
2277,1,1,F,55-64,>100K,0,0,0.003640468
2278,1,0,M,55-64,>100K,0,0,0.003015506
2279,1,1,F,55-64,>100K,0,0,0.003121267
2280,1,1,F,55-64,>100K,1,0,0.003529598
2281,1,1,F,55-64,>100K,0,0,0.005310441
2282,1,1,F,55-64,<100K,0,0,0.003235414
2283,1,1,F,55-64,>100K,0,0,0.00156336
2284,1,1,F,55-64,<100K,0,0,0.001426865
2285,1,1,F,55-64,<100K,0,0,0.005600798
2286,1,1,F,55-64,<100K,0,0,0.117923581
2287,1,1,F,55-64,>100K,0,0,0.044803975
2288,1,1,F,55-64,>100K,0,0,0.106112042
2289,1,1,F,55-64,<100K,0,0,0.001724846
2290,1,1,M,55-64,<100K,0,0,0.014541467
2291,1,1,M,55-64,<100K,0,0,0.141592993
2292,1,1,F,55-64,<100K,0,0,0.001950746
2293,1,1,M,55-64,>100K,0,0,0.00194454
2294,1,1,M,55-64,<100K,0,0,0.002415959
2295,1,1,F,55-64,>100K,0,0,0.000355424
2296,1,1,F,55-64,<100K,0,0,0.000851319
2297,1,1,F,55-64,<100K,0,0,0.00064013
2298,1,1,F,55-64,>100K,0,0,0.005739185
2299,1,1,F,55-64,>100K,0,0,0.001568048
2300,1,1,M,55-64,>100K,0,0,0.00247575
2301,1,1,F,55-64,>100K,0,0,0.001809227
2302,1,1,F,55-64,<100K,0,0,0.19523368
2303,1,0,F,55-64,<100K,0,0,0.006923085
2304,1,1,M,55-64,<100K,0,0,0.002184697
2305,1,1,F,55-64,>100K,0,0,0.108574273
2306,1,1,F,55-64,>100K,0,0,0.000180471
2307,1,1,F,55-64,<100K,0,0,0.001911297
2308,1,0,M,55-64,>100K,0,0,0.001246188
2309,1,1,F,55-64,<100K,0,0,0.040433969
2310,1,1,M,55-64,<100K,0,0,0.001637788
2311,1,1,F,55-64,<100K,0,0,0.001369634
2312,1,1,F,55-64,>100K,0,0,0.014041966
2313,1,1,F,55-64,<100K,0,0,0.001352393
2314,1,1,M,55-64,>100K,0,0,0.021042866
2315,1,1,F,55-64,<100K,0,0,0.049327566
2316,1,1,M,55-64,>100K,0,0,0.006452301
2317,1,1,M,55-64,>100K,0,0,0.003352927
2318,1,1,F,55-64,>100K,0,0,0.090679931
2319,1,1,M,55-64,<100K,0,0,0.080310116
2320,1,1,F,55-64,<100K,0,0,0.037908188
2321,1,1,F,45-54,<100K,0,0,0.009543148
2322,1,1,F,55-64,<100K,0,0,0.001498011
2323,1,1,F,55-64,<100K,0,0,0.029238732
2325,1,1,M,55-64,>100K,0,0,0.007383273
2326,1,0,M,55-64,<100K,0,0,0.008565329
2327,1,1,M,55-64,<100K,0,0,0.00219297
2328,1,1,M,55-64,<100K,0,0,0.001143686
2329,0,1,M,55-64,>100K,0,0,0.157560023
2330,1,1,F,55-64,>100K,0,0,0.00237643
2331,1,1,F,55-64,<100K,0,0,0.00165857
2332,1,0,F,55-64,<100K,1,0,0.003187703
2333,1,1,F,55-64,<100K,0,0,0.002528234
2334,1,1,F,55-64,<100K,0,0,0.006784713
2335,0,1,M,55-64,<100K,0,0,0.001560158
2336,1,1,F,55-64,>100K,0,0,0.005115468
2337,1,0,M,55-64,<100K,0,0,0.000909561
2338,1,0,F,55-64,>100K,0,0,0.00143113
2339,1,0,M,45-54,>100K,0,0,0.160481912
2340,1,1,F,55-64,>100K,0,0,0.001018781
2341,1,1,M,55-64,<100K,0,0,0.00913558
2342,1,1,M,55-64,<100K,0,0,0.001669209
2343,1,1,F,55-64,>100K,0,0,0.000410159
2344,1,1,F,55-64,<100K,0,0,0.000542154
2345,1,1,M,55-64,>100K,0,0,0.000292535
2346,0,1,F,55-64,>100K,0,0,0.028904604
2347,1,1,F,55-64,>100K,0,0,0.007526976
2349,1,1,F,55-64,>100K,0,0,0.001725629
2350,1,1,F,55-64,<100K,0,0,0.023045413
2351,1,1,F,55-64,<100K,0,0,0.000903379
2352,1,1,M,55-64,<100K,0,0,0.000636174
2353,1,1,M,55-64,>100K,0,0,0.002037008
2354,1,1,F,55-64,>100K,0,0,0.00810678
2355,1,0,M,55-64,>100K,0,0,0.025893244
2356,1,1,F,55-64,>100K,0,0,0.001310336
2357,1,1,F,55-64,>100K,0,0,0.001433217
2358,1,0,M,55-64,>100K,0,0,0.00072194
2359,1,1,F,55-64,<100K,0,0,0.000724572
2360,1,1,F,55-64,<100K,0,0,0.000633846
2361,1,1,F,55-64,<100K,0,0,0.007009138
2362,1,1,F,55-64,<100K,0,0,0.001885196
2363,1,1,F,55-64,<100K,0,0,0.00209251
2364,1,1,F,55-64,>100K,0,0,0.002051154
2365,1,1,F,55-64,>100K,0,0,0.002277102
2366,1,1,F,55-64,<100K,0,0,0.001565735
2367,1,1,M,55-64,>100K,0,0,0.010597804
2368,1,1,M,55-64,>100K,0,0,0.00142099
2369,1,1,M,55-64,<100K,0,0,0.00217989
2370,1,1,F,55-64,<100K,0,0,0.001498918
2371,1,1,M,55-64,<100K,0,0,0.001282722
2372,1,1,F,55-64,>100K,0,0,0.00166454
2373,1,1,F,55-64,<100K,0,0,0.002676956
2374,1,1,M,55-64,<100K,0,0,0.00062756
2375,1,1,M,55-64,<100K,0,0,0.000628396
2376,0,1,F,55-64,<100K,0,0,0.006931945
2377,1,0,F,55-64,>100K,0,0,0.002295404
2378,1,1,M,55-64,>100K,0,0,0.001968682
2379,1,1,M,55-64,<100K,0,0,0.001800802
2380,1,1,F,55-64,>100K,0,0,0.001449661
2381,1,1,F,55-64,<100K,0,0,0.000331088
2382,1,1,F,55-64,>100K,0,0,0.000924985
2383,1,1,F,55-64,>100K,0,0,0.001754398
2384,1,1,M,55-64,<100K,0,0,0.002003617
2385,1,1,M,55-64,>100K,0,0,0.002478834
2386,0,1,F,55-64,>100K,0,0,0.00149986
2387,1,1,F,55-64,>100K,0,0,0.001726211
2388,1,1,F,55-64,<100K,0,0,0.01092365
2389,1,1,F,55-64,<100K,0,0,0.004200418
2390,1,0,F,55-64,<100K,0,0,0.004168074
2391,1,1,F,55-64,>100K,0,0,0.001608681
2392,1,0,M,55-64,>100K,0,0,0.196308801
2393,1,1,F,55-64,>100K,0,0,0.068826251
2394,1,0,M,55-64,<100K,0,0,0.00271036
2395,1,1,F,55-64,>100K,0,0,0.00287553
2396,1,0,M,55-64,<100K,0,0,0.004983699
2397,1,1,F,55-64,>100K,0,0,0.002567495
2398,1,1,M,55-64,<100K,0,0,0.002051612
2399,1,1,F,55-64,<100K,0,0,0.000299272
2400,1,1,F,55-64,>100K,0,0,0.000289395
2401,1,1,F,55-64,>100K,0,0,0.001815369
2402,1,1,M,55-64,<100K,0,0,0.002170061
2403,1,0,M,55-64,<100K,0,0,0.000445268
2404,1,0,F,55-64,<100K,0,0,0.000594517
2405,1,1,F,55-64,<100K,0,0,0.00171716
2406,1,1,F,55-64,>100K,0,0,0.00333597
2407,1,0,F,55-64,<100K,0,0,0.005013353
2408,1,1,M,55-64,>100K,0,0,0.006024758
2409,1,1,F,55-64,>100K,0,0,0.006166939
2410,1,1,F,55-64,>100K,0,0,0.001853678
2411,1,0,F,55-64,>100K,0,0,0.001326339
2412,1,1,M,55-64,>100K,0,0,0.000470566
2413,1,0,F,55-64,<100K,0,0,0.009689795
2414,1,1,F,55-64,>100K,0,0,0.004580326
2415,1,1,F,55-64,<100K,0,0,0.001099781
2416,1,1,F,55-64,>100K,0,0,0.004933284
2417,1,1,F,55-64,>100K,0,0,0.001598308
2418,1,1,M,55-64,>100K,0,0,0.004032522
2419,1,1,F,55-64,>100K,0,0,0.001742632
2420,1,1,M,55-64,<100K,0,0,0.012160485
2421,1,1,F,55-64,>100K,0,0,0.005654663
2422,1,1,M,55-64,>100K,0,0,0.004092673
2424,1,1,F,55-64,>100K,0,0,0.002098451
2425,1,1,M,55-64,<100K,0,0,0.001094889
2426,1,1,M,55-64,>100K,0,0,0.001234995
2427,1,1,F,25-34,<100K,0,0,0.001285816
2428,1,1,F,55-64,>100K,0,0,0.000373908
2429,1,1,M,55-64,>100K,0,0,0.004986527
2430,1,1,F,55-64,>100K,0,0,0.006893608
2431,1,1,F,55-64,>100K,0,0,0.002448609
2432,1,1,F,55-64,>100K,0,0,0.000281149
2433,1,1,M,55-64,>100K,0,0,0.00142672
2434,1,1,M,55-64,<100K,0,0,0.002965442
2435,1,1,F,55-64,<100K,0,0,0.071886864
2436,1,0,F,55-64,>100K,0,0,0.000338957
2437,1,1,M,55-64,<100K,0,0,0.001600333
2438,0,1,F,55-64,>100K,0,0,0.001273403
2439,1,1,M,55-64,>100K,0,0,0.000256305
2440,1,1,F,55-64,>100K,0,0,0.001575886
2441,0,1,F,55-64,<100K,0,0,0.001928231
2442,1,1,M,55-64,>100K,0,0,0.099379287
2443,1,1,F,55-64,>100K,0,0,0.007823788
2444,1,1,M,55-64,<100K,0,0,0.003138285
2445,1,1,M,55-64,<100K,0,0,0.000575044
2446,1,1,F,55-64,<100K,0,0,0.056747545
2447,1,1,M,25-34,>100K,0,0,0.029247309
2448,1,1,M,55-64,>100K,0,0,0.002864789
2449,0,1,F,55-64,<100K,0,0,0.024775473
2450,1,1,F,55-64,>100K,0,0,0.00077924
2451,1,1,F,55-64,>100K,0,0,0.0016638
2452,1,1,F,55-64,>100K,0,0,0.000526886
2453,0,1,F,55-64,>100K,0,0,0.002073672
2454,1,0,F,55-64,<100K,0,0,0.000243
2455,1,1,M,55-64,>100K,0,0,0.003111312
2458,1,1,F,55-64,<100K,0,0,0.047598726
2459,1,1,M,45-54,>100K,0,0,0.012271158
2460,1,1,F,55-64,<100K,0,0,0.002387981
2461,1,1,M,55-64,>100K,0,0,0.029232497
2462,1,1,F,55-64,>100K,0,0,0.001739285
2463,1,1,F,55-64,<100K,0,0,0.002146802
